step,frame_index,step_time,total_time,top_u2_mm,top_rf2_N,max_cpress_MPa,max_compressive_PRESS_MPa,pevol_min,pevol_max,pevol_max_abs,avg_thickness_um,min_thickness_um,max_thickness_um,column_count,unloaded_zero_contact
Compress_Down,0,0.0,0.0,0.0,-0.0,0.0,-0.0,0.0,0.0,0.0,150.00000596046448,150.00000596046448,150.00000596046448,121,False
Compress_Down,1,0.019999999552965164,0.019999999552965164,-0.0003000000142492354,-76.65269470214844,12.797472953796387,4.489144543806712,0.0,0.0,0.0,149.7055235502779,149.70277083921246,149.7064244088051,121,False
Compress_Down,2,0.03999999910593033,0.03999999910593033,-0.0006000000284984708,-158.54507446289062,27.9532527923584,11.649586002031961,0.0,0.0011812093725893646,0.0011812093725893646,149.41142737127902,149.4059715187177,149.41342418342174,121,False
Compress_Down,3,0.07000000029802322,0.07000000029802322,-0.0010499999625608325,-279.879638671875,50.300682067871094,22.373033841451008,0.0,0.0030353885958902538,0.0030353885958902538,148.97017637466445,148.96093343850225,148.97360947634297,121,False
Compress_Down,4,0.11500000208616257,0.11500000208616257,-0.001724999980069697,-454.9187316894531,81.50971984863281,36.7321138381958,8.54411514410458e-05,0.005271701666060835,0.005271701666060835,148.30779720527934,148.293107165955,148.31288246750773,121,False
Compress_Down,5,0.16500000655651093,0.16500000655651093,-0.002474999986588955,-641.3529663085938,113.59208679199219,51.02101453145345,0.00041195270023308694,0.007165846531279385,0.007165846531279385,147.57123741753074,147.55057683214545,147.57763727175188,121,False
Compress_Down,6,0.2150000035762787,0.2150000035762787,-0.0032250001095235348,-820.1054077148438,143.29180908203125,63.921305338541664,0.000655636569717899,0.008522312215063721,0.008522312215063721,146.8341213554099,146.8075020238757,146.84141269754036,121,False
Compress_Down,7,0.26499998569488525,0.26499998569488525,-0.003975000232458115,-991.4679565429688,170.771484375,75.58420626322429,0.0007920147618278861,0.00937156449072063,0.00937156449072063,146.09646998489688,146.06388192623854,146.104301984451,121,False
Compress_Down,8,0.3149999976158142,0.3149999976158142,-0.004724999889731407,-1152.813720703125,195.10658264160156,89.89339065551758,0.000779232825152576,0.00976576330140233,0.00976576330140233,145.35809264036425,145.31943062320352,145.3664473046956,121,False
Compress_Down,9,0.36500000953674316,0.36500000953674316,-0.005475000012665987,-1219.293212890625,206.68153381347656,105.1544583638509,6.58608041703701e-06,0.00992839876562357,0.00992839876562357,144.61287513858383,144.57187103107572,144.62306983114104,121,False
Compress_Down,10,0.41499999165534973,0.41499999165534973,-0.006225000135600567,-1274.27001953125,212.87767028808594,118.42597834269206,-0.0020980900153517723,0.00999993970617652,0.00999993970617652,143.8668193170223,143.82323063910007,143.87636425817618,121,False
Compress_Down,11,0.4650000035762787,0.4650000035762787,-0.006974999792873859,-1322.1123046875,221.0802764892578,135.41270955403647,-0.008418832905590534,0.00997155625373125,0.00997155625373125,143.12023833118167,143.07355880737305,143.12871655783965,121,False
Compress_Down,12,0.5149999856948853,0.5149999856948853,-0.007724999915808439,-1363.49658203125,228.21798706054688,152.3331298828125,-0.01800401322543621,0.009855721145868301,0.01800401322543621,142.37319164650134,142.32375845313072,142.38045448291814,121,False
Compress_Down,13,0.5649999976158142,0.5649999976158142,-0.008475000038743019,-1399.0712890625,234.3785400390625,167.6691411336263,-0.031640833243727684,0.009650995023548603,0.031640833243727684,141.62572750053585,141.5739208459854,141.63171771360794,121,False
Compress_Down,14,0.6150000095367432,0.6150000095367432,-0.009224999696016312,-1429.2896728515625,239.64793395996094,182.5233917236328,-0.05183650366961956,0.009372876957058907,0.05183650366961956,140.87787709208033,140.82405343651772,140.88252019428182,121,False
Compress_Down,15,0.6650000214576721,0.6650000214576721,-0.009975000284612179,-1454.771484375,244.11102294921875,193.13904825846353,-0.08017082512378693,0.009130231104791164,0.08017082512378693,140.12968691191824,140.07425215095282,140.13307796267327,121,False
Compress_Down,16,0.7149999737739563,0.7149999737739563,-0.010724999941885471,-1476.0675048828125,247.85162353515625,198.93919372558594,-0.11357149668037891,0.008848493918776512,0.11357149668037891,139.3811958644747,139.32444900274277,139.3835014096112,121,False
Compress_Down,17,0.7649999856948853,0.7649999856948853,-0.011474999599158764,-1493.6800537109375,250.95204162597656,202.2696075439453,-0.15239229425787926,0.008546820841729641,0.15239229425787926,138.63243852467934,138.57468031346798,138.633839393151,121,False
Compress_Down,18,0.8149999976158142,0.8149999976158142,-0.012225000187754631,-1508.1153564453125,253.492431640625,204.2610626220703,-0.19852172769606113,0.008256028406322002,0.19852172769606113,137.88345231305283,137.82487250864506,137.8849394786812,121,False
Compress_Down,19,0.8650000095367432,0.8650000095367432,-0.012974999845027924,-1519.875732421875,255.5494842529297,205.4969736735026,-0.24829239398241043,0.008074157871305943,0.24829239398241043,137.13427424927656,137.07510381937027,137.13583201024448,121,False
Compress_Down,20,0.9150000214576721,0.9150000214576721,-0.01372500043362379,-1529.35302734375,257.2070617675781,206.4286905924479,-0.30142198503017426,0.00793128740042448,0.30142198503017426,136.38493179798598,136.3254627212882,136.38654771784786,121,False
Compress_Down,21,0.9649999737739563,0.9649999737739563,-0.014475000090897083,-1536.93310546875,258.53082275390625,207.12738545735678,-0.35766637325286865,0.007798498496413231,0.35766637325286865,135.63544956117812,135.5756176635623,135.63711725146277,121,False
Compress_Down,22,1.0,1.0,-0.014999999664723873,-1541.3651123046875,259.298095703125,207.54861958821616,-0.3984819147735834,0.007712432183325291,0.3984819147735834,135.11074935319985,135.05068514496088,135.11244718756643,121,False
Hold_135um,0,0.0,1.0,-0.014999999664723873,-1541.3651123046875,259.298095703125,207.54861958821616,-0.3984819147735834,0.007712432183325291,0.3984819147735834,135.11074935319985,135.05068514496088,135.11244718756643,121,False
Hold_135um,1,0.10000000149011612,1.1000000014901161,-0.014999999664723873,-1541.330810546875,259.28936767578125,207.5231730143229,-0.3984819147735834,0.007712428458034992,0.3984819147735834,135.11074635544517,135.05061529576778,135.11244546316448,121,False
Hold_135um,2,0.20000000298023224,1.2000000029802322,-0.014999999664723873,-1541.3306884765625,259.2893371582031,207.52322387695312,-0.3984819147735834,0.007712428458034992,0.3984819147735834,135.11074635243858,135.05061529576778,135.11244546316448,121,False
Hold_135um,3,0.30000001192092896,1.300000011920929,-0.014999999664723873,-1541.3306884765625,259.2893371582031,207.52322896321616,-0.3984819147735834,0.007712428458034992,0.3984819147735834,135.11074635234837,135.05061529576778,135.11244546316448,121,False
Hold_135um,4,0.4000000059604645,1.4000000059604645,-0.014999999664723873,-1541.3306884765625,259.2893371582031,207.52322387695312,-0.3984819147735834,0.007712428458034992,0.3984819147735834,135.11074635237844,135.05061529576778,135.11244546316448,121,False
Hold_135um,5,0.550000011920929,1.550000011920929,-0.014999999664723873,-1541.3306884765625,259.2893371582031,207.52322387695312,-0.3984819147735834,0.007712428458034992,0.3984819147735834,135.11074635243858,135.05061529576778,135.11244546316448,121,False
Hold_135um,6,0.75,1.75,-0.014999999664723873,-1541.3306884765625,259.2893371582031,207.52322387695312,-0.3984819147735834,0.007712428458034992,0.3984819147735834,135.11074635243858,135.05061529576778,135.11244546316448,121,False
Hold_135um,7,0.949999988079071,1.949999988079071,-0.014999999664723873,-1541.3306884765625,259.2893371582031,207.52322387695312,-0.3984819147735834,0.007712428458034992,0.3984819147735834,135.11074635243858,135.05061529576778,135.11244546316448,121,False
Hold_135um,8,1.0,2.0,-0.014999999664723873,-1541.3306884765625,259.2893371582031,207.52322387695312,-0.3984819147735834,0.007712428458034992,0.3984819147735834,135.11074635243858,135.05061529576778,135.11244546316448,121,False
Unload_Free,0,0.0,2.0,-0.014999999664723873,-1541.3306884765625,0.0,207.52322387695312,-0.3984819147735834,0.007712428458034992,0.3984819147735834,135.11074635243858,135.05061529576778,135.11244546316448,121,False
Unload_Free,1,0.019999999552965164,2.019999999552965,-0.013700000010430813,-0.0,0.0,205.31929524739584,-0.3984819147735834,0.007712428458034992,0.3984819147735834,135.21817117572397,135.12796442955732,135.22148416814161,121,True
Unload_Free,2,0.03999999910593033,2.0399999991059303,-0.012400000356137753,-0.0,0.0,203.10650634765625,-0.398481884971261,0.007712428458034992,0.398481884971261,135.32622276424948,135.20577549934387,135.3311866041622,121,True
Unload_Free,3,0.04749999940395355,2.0474999994039536,-0.01191249955445528,-0.0,0.0,202.27538045247397,-0.3984819445759058,0.007712428458034992,0.3984819445759058,135.36667501171937,135.23526769131422,135.37224842002615,121,True
Unload_Free,4,0.05874999985098839,2.0587499998509884,-0.011181250214576721,-0.0,0.0,201.02483622233072,-0.398481884971261,0.0077124303206801414,0.398481884971261,135.42730141708782,135.28000470250845,135.43378096073866,121,True
Unload_Free,5,0.05874999985098839,2.0587499998509884,-0.011181250214576721,-0.0,0.0,-0.0,-0.398481884971261,0.0077124303206801414,0.398481884971261,135.42730141708782,135.28000470250845,135.43378096073866,121,True
