initial_x_mm,initial_z_mm,final_mid_x_mm,final_actual_thickness_um,final_vertical_thickness_um,final_pair_cpress_mpa
-50.0,-50.0,-49.97960662841797,149.9999595185066,149.9994844198227,0.0
-50.0,-45.0,-49.9796142578125,150.0001582005779,149.9996781349182,0.0
-50.0,-40.0,-49.97960662841797,149.999978144962,149.9994993209839,0.0
-50.0,-35.0,-49.9796142578125,150.00017061819864,149.9996930360794,0.0
-50.0,-30.0,-49.9796028137207,149.99999677141503,149.99951422214508,0.0
-50.0,-25.0,-49.9796028137207,150.00010232127198,149.99961853027344,0.0
-50.0,-20.0,-49.97959899902344,149.99994710086844,149.9994695186615,0.0
-50.0,-15.0,-49.97959518432617,149.99998435377992,149.9994993209839,0.0
-50.0,-10.0,-49.979591369628906,149.99992226558896,149.9994397163391,0.0
-50.0,-5.0,-49.979591369628906,149.9999346832292,149.9994546175003,0.0
-50.0,0.0,-49.97959899902344,149.99987259501768,149.99939501285553,0.0
-50.0,5.0,-49.97958755493164,149.99992226558896,149.9994397163391,0.0
-50.0,10.0,-49.979591369628906,149.9998477597259,149.99936521053314,0.0
-50.0,15.0,-49.979591369628906,149.9999595185066,149.9994844198227,0.0
-50.0,20.0,-49.979591369628906,149.99987259501768,149.99939501285553,0.0
-50.0,25.0,-49.97959899902344,150.0000340243142,149.99955892562866,0.0
-50.0,30.0,-49.97959899902344,149.99990363912667,149.99942481517792,0.0
-50.0,35.0,-49.97960662841797,150.0001395741449,149.99966323375702,0.0
-50.0,40.0,-49.97959899902344,149.99991605676846,149.9994397163391,0.0
-50.0,45.0,-49.97960662841797,150.0001395741449,149.99966323375702,0.0
-50.0,50.0,-49.97959518432617,149.99989122148386,149.99940991401672,0.0
-48.5,-50.0,-48.47960662841797,149.99986017737228,149.99938011169434,0.0
-48.5,-45.0,-48.47962188720703,150.0000526507603,149.99957382678986,0.0
-48.5,-40.0,-48.4796142578125,149.9998415509023,149.99936521053314,0.0
-48.5,-35.0,-48.47962188720703,149.99999056259762,149.99951422214508,0.0
-48.5,-30.0,-48.47960662841797,149.99987259501768,149.99939501285553,0.0
-48.5,-25.0,-48.47960662841797,150.0000216066822,149.99954402446747,0.0
-48.5,-20.0,-48.47959899902344,149.999978144962,149.9994993209839,0.0
-48.5,-15.0,-48.47959899902344,150.0000961124589,149.99961853027344,0.0
-48.5,-10.0,-48.47959899902344,150.0000216066822,149.99954402446747,0.0
-48.5,-5.0,-48.479591369628906,150.0001395741449,149.99966323375702,0.0
-48.5,0.0,-48.47959899902344,150.00008369483203,149.99960362911224,0.0
-48.5,5.0,-48.479591369628906,150.00017061819864,149.9996930360794,0.0
-48.5,10.0,-48.479591369628906,150.0000526507603,149.99957382678986,0.0
-48.5,15.0,-48.47959899902344,150.0001395741449,149.99966323375702,0.0
-48.5,20.0,-48.47959899902344,150.00000918904914,149.99952912330627,0.0
-48.5,25.0,-48.47959899902344,150.0000961124589,149.99961853027344,0.0
-48.5,30.0,-48.47959899902344,149.99991605676846,149.9994397163391,0.0
-48.5,35.0,-48.4796142578125,150.0000526507603,149.99957382678986,0.0
-48.5,40.0,-48.47960662841797,149.99987259501768,149.99939501285553,0.0
-48.5,45.0,-48.4796142578125,150.00008369483203,149.99960362911224,0.0
-48.5,50.0,-48.47959899902344,149.99988501266205,149.99940991401672,0.0
-47.0,-50.0,-46.979610443115234,149.99999677141503,149.99952912330627,0.0
-47.0,-45.0,-46.97962188720703,150.00012715652161,149.99966323375702,0.0
-47.0,-40.0,-46.9796142578125,149.99999056259762,149.99952912330627,0.0
-47.0,-35.0,-46.97962188720703,150.00017061819864,149.9997079372406,0.0
-47.0,-30.0,-46.97960662841797,149.999978144962,149.99951422214508,0.0
-47.0,-25.0,-46.97960662841797,150.0001147388973,149.99964833259583,0.0
-47.0,-20.0,-46.9796028137207,149.99992226558896,149.9994546175003,0.0
-47.0,-15.0,-46.97959899902344,150.00001539786578,149.99955892562866,0.0
-47.0,-10.0,-46.97959899902344,149.99989122148386,149.99942481517792,0.0
-47.0,-5.0,-46.97959518432617,149.99996572732536,149.9994993209839,0.0
-47.0,0.0,-46.9796028137207,149.99986017737228,149.99939501285553,0.0
-47.0,5.0,-46.97959518432617,149.9999346832292,149.9994695186615,0.0
-47.0,10.0,-46.97959899902344,149.99985396854922,149.99939501285553,0.0
-47.0,15.0,-46.97959899902344,149.99994710086844,149.9994844198227,0.0
-47.0,20.0,-46.97959899902344,149.99990363912667,149.9994397163391,0.0
-47.0,25.0,-46.9796028137207,150.00000918904914,149.99954402446747,0.0
-47.0,30.0,-46.97959899902344,149.99994089204895,149.9994844198227,0.0
-47.0,35.0,-46.9796142578125,150.00008369483203,149.99961853027344,0.0
-47.0,40.0,-46.97960662841797,149.9999595185066,149.9994993209839,0.0
-47.0,45.0,-46.9796142578125,150.00008369483203,149.99961853027344,0.0
-47.0,50.0,-46.97959899902344,149.99994710086844,149.9994844198227,0.0
-45.5,-50.0,-45.47960662841797,149.99986638619512,149.99942481517792,0.0
-45.5,-45.0,-45.47962188720703,150.0000526507603,149.99960362911224,0.0
-45.5,-40.0,-45.4796142578125,149.9998477597259,149.99940991401672,0.0
-45.5,-35.0,-45.47962188720703,150.00001539786578,149.99957382678986,0.0
-45.5,-30.0,-45.47960662841797,149.99986638619512,149.99942481517792,0.0
-45.5,-25.0,-45.47960662841797,150.0000464419452,149.99960362911224,0.0
-45.5,-20.0,-45.4796028137207,149.9999595185066,149.99951422214508,0.0
-45.5,-15.0,-45.47959899902344,150.0000899036456,149.99964833259583,0.0
-45.5,-10.0,-45.47959899902344,150.00001539786578,149.99957382678986,0.0
-45.5,-5.0,-45.47959518432617,150.0001395741449,149.9996930360794,0.0
-45.5,0.0,-45.47960662841797,150.0000712772041,149.99963343143463,0.0
-45.5,5.0,-45.479591369628906,150.0001333653334,149.9996930360794,0.0
-45.5,10.0,-45.47959899902344,150.00005885957518,149.99961853027344,0.0
-45.5,15.0,-45.47959899902344,150.00012715652161,149.9996781349182,0.0
-45.5,20.0,-45.47959899902344,150.0000216066822,149.99957382678986,0.0
-45.5,25.0,-45.4796028137207,150.0000774860182,149.99963343143463,0.0
-45.5,30.0,-45.47959899902344,149.99995330968767,149.99951422214508,0.0
-45.5,35.0,-45.4796142578125,150.0000526507603,149.99960362911224,0.0
-45.5,40.0,-45.47960662841797,149.99989743030537,149.9994546175003,0.0
-45.5,45.0,-45.4796142578125,150.00005885957518,149.99961853027344,0.0
-45.5,50.0,-45.47959899902344,149.99989743030537,149.9994546175003,0.0
-44.0,-50.0,-43.9796142578125,150.00001539786578,149.99963343143463,0.0
-44.0,-45.0,-43.97962188720703,150.0000774860182,149.9996930360794,0.0
-44.0,-40.0,-43.9796142578125,150.00000918904914,149.99961853027344,0.0
-44.0,-35.0,-43.97962188720703,150.0001209477096,149.999737739563,0.0
-44.0,-30.0,-43.979610443115234,150.00000918904914,149.99961853027344,0.0
-44.0,-25.0,-43.979610443115234,150.0000961124589,149.9997079372406,0.0
-44.0,-20.0,-43.97960662841797,149.99994710086844,149.99955892562866,0.0
-44.0,-15.0,-43.97960662841797,150.00001539786578,149.99963343143463,0.0
-44.0,-10.0,-43.97959899902344,149.99989743030537,149.99951422214508,0.0
-44.0,-5.0,-43.97959899902344,149.999978144962,149.99958872795105,0.0
-44.0,0.0,-43.97960662841797,149.99989122148386,149.9994993209839,0.0
-44.0,5.0,-43.97959899902344,149.99994710086844,149.99955892562866,0.0
-44.0,10.0,-43.97959899902344,149.99989122148386,149.9994993209839,0.0
-44.0,15.0,-43.9796028137207,149.99996572732536,149.99957382678986,0.0
-44.0,20.0,-43.9796028137207,149.99992226558896,149.99952912330627,0.0
-44.0,25.0,-43.97960662841797,150.0000216066822,149.99963343143463,0.0
-44.0,30.0,-43.97960662841797,149.99994089204895,149.99955892562866,0.0
-44.0,35.0,-43.9796142578125,150.00006506838974,149.9996781349182,0.0
-44.0,40.0,-43.97960662841797,149.999978144962,149.99958872795105,0.0
-44.0,45.0,-43.9796142578125,150.0000464419452,149.99966323375702,0.0
-44.0,50.0,-43.9796028137207,149.999978144962,149.99958872795105,0.0
-42.5,-50.0,-42.4796142578125,149.99987880384,149.99954402446747,0.0
-42.5,-45.0,-42.47962951660156,150.00005885957518,149.9997228384018,0.0
-42.5,-40.0,-42.47962188720703,149.99989122148386,149.99955892562866,0.0
-42.5,-35.0,-42.47962951660156,150.00001539786578,149.9996781349182,0.0
-42.5,-30.0,-42.4796142578125,149.99990363912667,149.99957382678986,0.0
-42.5,-25.0,-42.4796142578125,150.0000340243142,149.9997079372406,0.0
-42.5,-20.0,-42.479610443115234,149.9999595185066,149.99963343143463,0.0
-42.5,-15.0,-42.479610443115234,150.00008369483203,149.99975264072418,0.0
-42.5,-10.0,-42.47960662841797,150.00000918904914,149.9996781349182,0.0
-42.5,-5.0,-42.47960662841797,150.0001147388973,149.99978244304657,0.0
-42.5,0.0,-42.4796142578125,150.00004023312982,149.9997079372406,0.0
-42.5,5.0,-42.4796028137207,150.0001395741449,149.99981224536896,0.0
-42.5,10.0,-42.47960662841797,150.00002781549833,149.9996930360794,0.0
-42.5,15.0,-42.47960662841797,150.0001395741449,149.99981224536896,0.0
-42.5,20.0,-42.47960662841797,149.999978144962,149.99964833259583,0.0
-42.5,25.0,-42.479610443115234,150.00008369483203,149.99975264072418,0.0
-42.5,30.0,-42.47960662841797,149.99995330968767,149.99961853027344,0.0
-42.5,35.0,-42.47962188720703,150.0000712772041,149.999737739563,0.0
-42.5,40.0,-42.479610443115234,149.9999346832292,149.99960362911224,0.0
-42.5,45.0,-42.47962188720703,150.0000712772041,149.999737739563,0.0
-42.5,50.0,-42.47960662841797,149.9999346832292,149.99960362911224,0.0
-41.0,-50.0,-40.979618072509766,150.00001539786578,149.999737739563,0.0
-41.0,-45.0,-40.97962951660156,150.0000526507603,149.99978244304657,0.0
-41.0,-40.0,-40.97962188720703,150.00001539786578,149.999737739563,0.0
-41.0,-35.0,-40.97962951660156,150.00008369483203,149.99981224536896,0.0
-41.0,-30.0,-40.979618072509766,150.00001539786578,149.999737739563,0.0
-41.0,-25.0,-40.979618072509766,150.00005885957518,149.99978244304657,0.0
-41.0,-20.0,-40.9796142578125,149.99996572732536,149.9996930360794,0.0
-41.0,-15.0,-40.9796142578125,150.00000918904914,149.999737739563,0.0
-41.0,-10.0,-40.97960662841797,149.99992226558896,149.99964833259583,0.0
-41.0,-5.0,-40.97960662841797,149.99998435377992,149.9997079372406,0.0
-41.0,0.0,-40.9796142578125,149.99990363912667,149.99963343143463,0.0
-41.0,5.0,-40.97960662841797,149.99996572732536,149.9996930360794,0.0
-41.0,10.0,-40.97960662841797,149.99989122148386,149.99961853027344,0.0
-41.0,15.0,-40.979610443115234,149.99998435377992,149.9997079372406,0.0
-41.0,20.0,-40.979610443115234,149.99994089204895,149.99966323375702,0.0
-41.0,25.0,-40.9796142578125,150.0000464419452,149.99976754188538,0.0
-41.0,30.0,-40.9796142578125,149.99996572732536,149.9996930360794,0.0
-41.0,35.0,-40.97962188720703,150.00004023312982,149.99976754188538,0.0
-41.0,40.0,-40.9796142578125,149.99998435377992,149.9997079372406,0.0
-41.0,45.0,-40.97962188720703,150.0000340243142,149.99975264072418,0.0
-41.0,50.0,-40.97960662841797,149.999978144962,149.9997079372406,0.0
-39.5,-50.0,-39.479618072509766,150.00000918904914,149.99981224536896,0.0
-39.5,-45.0,-39.47962951660156,149.9999595185066,149.99975264072418,0.0
-39.5,-40.0,-39.47962188720703,150.0000029802322,149.99979734420776,0.0
-39.5,-35.0,-39.47962951660156,149.99994089204895,149.999737739563,0.0
-39.5,-30.0,-39.479618072509766,149.99999677141503,149.99979734420776,0.0
-39.5,-25.0,-39.47962188720703,149.9999595185066,149.99975264072418,0.0
-39.5,-20.0,-39.4796142578125,150.00004023312982,149.99984204769135,0.0
-39.5,-15.0,-39.4796142578125,149.99999677141503,149.99979734420776,0.0
-39.5,-10.0,-39.479610443115234,150.0000526507603,149.99985694885254,0.0
-39.5,-5.0,-39.47960662841797,150.0000340243142,149.99982714653015,0.0
-39.5,0.0,-39.4796142578125,150.0000774860182,149.99987185001373,0.0
-39.5,5.0,-39.47960662841797,150.00004023312982,149.99984204769135,0.0
-39.5,10.0,-39.479610443115234,150.0000712772041,149.99987185001373,0.0
-39.5,15.0,-39.479610443115234,150.00002781549833,149.99982714653015,0.0
-39.5,20.0,-39.479610443115234,150.00002781549833,149.99982714653015,0.0
-39.5,25.0,-39.4796142578125,149.99999677141503,149.99979734420776,0.0
-39.5,30.0,-39.4796142578125,150.00001539786578,149.99981224536896,0.0
-39.5,35.0,-39.47962188720703,150.0000029802322,149.99979734420776,0.0
-39.5,40.0,-39.4796142578125,150.00000918904914,149.99981224536896,0.0
-39.5,45.0,-39.47962188720703,150.00001539786578,149.99981224536896,0.0
-39.5,50.0,-39.47960662841797,150.00001539786578,149.99981224536896,0.0
-38.0,-50.0,-37.97962188720703,150.00006506838974,149.9999612569809,0.0
-38.0,-45.0,-37.97963333129883,149.99998435377992,149.99987185001373,0.0
-38.0,-40.0,-37.97962188720703,150.00006506838974,149.9999612569809,0.0
-38.0,-35.0,-37.97963333129883,149.99999677141503,149.99988675117493,0.0
-38.0,-30.0,-37.97962188720703,150.00006506838974,149.9999612569809,0.0
-38.0,-25.0,-37.97962188720703,149.99999056259762,149.99988675117493,0.0
-38.0,-20.0,-37.9796142578125,150.00004023312982,149.9999314546585,0.0
-38.0,-15.0,-37.9796142578125,149.99996572732536,149.99985694885254,0.0
-38.0,-10.0,-37.979610443115234,150.00001539786578,149.99990165233612,0.0
-38.0,-5.0,-37.979610443115234,149.99996572732536,149.99985694885254,0.0
-38.0,0.0,-37.979618072509766,149.99999677141503,149.99988675117493,0.0
-38.0,5.0,-37.97960662841797,149.99994710086844,149.99984204769135,0.0
-38.0,10.0,-37.979610443115234,149.99999677141503,149.99988675117493,0.0
-38.0,15.0,-37.9796142578125,149.9999595185066,149.99985694885254,0.0
-38.0,20.0,-37.979610443115234,150.00002781549833,149.99991655349731,0.0
-38.0,25.0,-37.9796142578125,149.99999677141503,149.99988675117493,0.0
-38.0,30.0,-37.9796142578125,150.00001539786578,149.99990165233612,0.0
-38.0,35.0,-37.9796257019043,149.99999677141503,149.99988675117493,0.0
-38.0,40.0,-37.9796142578125,149.99999056259762,149.99988675117493,0.0
-38.0,45.0,-37.97962188720703,150.00000918904914,149.99990165233612,0.0
-38.0,50.0,-37.979610443115234,149.99999677141503,149.99988675117493,0.0
-36.5,-50.0,-36.47962188720703,150.0000774860182,150.00003576278687,0.0
-36.5,-45.0,-36.479637145996094,149.99994710086844,149.99990165233612,0.0
-36.5,-40.0,-36.47962951660156,150.00006506838974,150.00002086162567,0.0
-36.5,-35.0,-36.479637145996094,149.9999595185066,149.99991655349731,0.0
-36.5,-30.0,-36.47962188720703,150.0000340243142,149.99999105930328,0.0
-36.5,-25.0,-36.47962188720703,149.9999719361438,149.9999314546585,0.0
-36.5,-20.0,-36.479618072509766,150.0000340243142,149.99999105930328,0.0
-36.5,-15.0,-36.479618072509766,150.0000029802322,149.9999612569809,0.0
-36.5,-10.0,-36.4796142578125,150.0000340243142,149.99999105930328,0.0
-36.5,-5.0,-36.4796142578125,150.0000216066822,149.9999761581421,0.0
-36.5,0.0,-36.47962188720703,150.00006506838974,150.00002086162567,0.0
-36.5,5.0,-36.479610443115234,150.0000029802322,149.9999612569809,0.0
-36.5,10.0,-36.4796142578125,150.00006506838974,150.00002086162567,0.0
-36.5,15.0,-36.4796142578125,149.9999719361438,149.9999314546585,0.0
-36.5,20.0,-36.4796142578125,150.00006506838974,150.00002086162567,0.0
-36.5,25.0,-36.479618072509766,149.9999595185066,149.99991655349731,0.0
-36.5,30.0,-36.479618072509766,150.0000961124589,150.00005066394806,0.0
-36.5,35.0,-36.47962951660156,149.9999595185066,149.99991655349731,0.0
-36.5,40.0,-36.479618072509766,150.0000961124589,150.00005066394806,0.0
-36.5,45.0,-36.4796257019043,149.9999719361438,149.9999314546585,0.0
-36.5,50.0,-36.4796142578125,150.0000961124589,150.00005066394806,0.0
-35.0,-50.0,-34.97962951660156,150.0000340243142,150.00002086162567,0.0
-35.0,-45.0,-34.979644775390625,149.9999719361438,149.9999612569809,0.0
-35.0,-40.0,-34.97963333129883,150.0000340243142,150.00002086162567,0.0
-35.0,-35.0,-34.979644775390625,149.9999719361438,149.9999612569809,0.0
-35.0,-30.0,-34.97962951660156,150.0000464419452,150.00003576278687,0.0
-35.0,-25.0,-34.97962951660156,149.99999056259762,149.9999761581421,0.0
-35.0,-20.0,-34.9796257019043,150.00006506838974,150.00005066394806,0.0
-35.0,-15.0,-34.97962188720703,149.9999719361438,149.9999612569809,0.0
-35.0,-10.0,-34.97962188720703,150.00006506838974,150.00005066394806,0.0
-35.0,-5.0,-34.979618072509766,149.9999595185066,149.9999463558197,0.0
-35.0,0.0,-34.97962951660156,150.0000464419452,150.00003576278687,0.0
-35.0,5.0,-34.979618072509766,149.9999595185066,149.9999463558197,0.0
-35.0,10.0,-34.97962188720703,150.0000899036456,150.00008046627045,0.0
-35.0,15.0,-34.97962188720703,149.99994089204895,149.9999314546585,0.0
-35.0,20.0,-34.97962188720703,150.0001085300848,150.00009536743164,0.0
-35.0,25.0,-34.9796257019043,149.99992847440922,149.99991655349731,0.0
-35.0,30.0,-34.97962188720703,150.0000899036456,150.00008046627045,0.0
-35.0,35.0,-34.979637145996094,149.99988501266205,149.99987185001373,0.0
-35.0,40.0,-34.9796257019043,150.0000899036456,150.00008046627045,0.0
-35.0,45.0,-34.97963333129883,149.99988501266205,149.99987185001373,0.0
-35.0,50.0,-34.97962188720703,150.0000774860182,150.00006556510925,0.0
-33.75,-50.0,-33.72962951660156,150.0000029802322,150.00000596046448,0.0
-33.75,-45.0,-33.729644775390625,150.0000340243142,150.00003576278687,0.0
-33.75,-40.0,-33.729637145996094,150.0000216066822,150.00002086162567,0.0
-33.75,-35.0,-33.729644775390625,150.0000340243142,150.00003576278687,0.0
-33.75,-30.0,-33.72962951660156,150.0000216066822,150.00002086162567,0.0
-33.75,-25.0,-33.72963333129883,150.0000029802322,150.00000596046448,0.0
-33.75,-20.0,-33.7296257019043,150.0000216066822,150.00002086162567,0.0
-33.75,-15.0,-33.7296257019043,149.9999595185066,149.9999612569809,0.0
-33.75,-10.0,-33.72962188720703,150.0000340243142,150.00003576278687,0.0
-33.75,-5.0,-33.72962188720703,149.9999595185066,149.9999612569809,0.0
-33.75,0.0,-33.72962951660156,150.0000216066822,150.00002086162567,0.0
-33.75,5.0,-33.729618072509766,149.9999595185066,149.9999612569809,0.0
-33.75,10.0,-33.72962188720703,150.0000029802322,150.00000596046448,0.0
-33.75,15.0,-33.72962188720703,149.999978144962,149.9999761581421,0.0
-33.75,20.0,-33.72962188720703,150.0000029802322,150.00000596046448,0.0
-33.75,25.0,-33.7296257019043,149.999978144962,149.9999761581421,0.0
-33.75,30.0,-33.7296257019043,150.0000526507603,150.00005066394806,0.0
-33.75,35.0,-33.729637145996094,149.99999056259762,149.99999105930328,0.0
-33.75,40.0,-33.7296257019043,150.00006506838974,150.00006556510925,0.0
-33.75,45.0,-33.729637145996094,149.99999056259762,149.99999105930328,0.0
-33.75,50.0,-33.72962188720703,150.00006506838974,150.00006556510925,0.0
-32.5,-50.0,-32.47962951660156,149.9999719361438,149.9999612569809,0.0
-32.5,-45.0,-32.479644775390625,149.99999056259762,149.9999761581421,0.0
-32.5,-40.0,-32.479637145996094,149.9999719361438,149.9999612569809,0.0
-32.5,-35.0,-32.479644775390625,149.9999719361438,149.9999612569809,0.0
-32.5,-30.0,-32.47962951660156,149.99999056259762,149.9999761581421,0.0
-32.5,-25.0,-32.47962951660156,149.99999056259762,149.9999761581421,0.0
-32.5,-20.0,-32.47962951660156,150.0000340243142,150.00002086162567,0.0
-32.5,-15.0,-32.4796257019043,150.0000340243142,150.00002086162567,0.0
-32.5,-10.0,-32.47962188720703,150.00001539786578,150.00000596046448,0.0
-32.5,-5.0,-32.47962188720703,150.0000464419452,150.00003576278687,0.0
-32.5,0.0,-32.47962951660156,150.0000029802322,149.99999105930328,0.0
-32.5,5.0,-32.47962188720703,150.0000774860182,150.00006556510925,0.0
-32.5,10.0,-32.47962188720703,150.00001539786578,150.00000596046448,0.0
-32.5,15.0,-32.47962188720703,150.0000899036456,150.00008046627045,0.0
-32.5,20.0,-32.47962188720703,150.00001539786578,150.00000596046448,0.0
-32.5,25.0,-32.47962951660156,150.0000464419452,150.00003576278687,0.0
-32.5,30.0,-32.47962188720703,149.9999719361438,149.9999612569809,0.0
-32.5,35.0,-32.479637145996094,150.0000029802322,149.99999105930328,0.0
-32.5,40.0,-32.47962951660156,149.99999056259762,149.9999761581421,0.0
-32.5,45.0,-32.479637145996094,149.9999719361438,149.9999612569809,0.0
-32.5,50.0,-32.47962188720703,150.0000029802322,149.99999105930328,0.0
-31.25,-50.0,-31.229631423950195,150.0000464419452,149.9999761581421,0.0
-31.25,-45.0,-31.229646682739258,150.00002781549833,149.9999612569809,0.0
-31.25,-40.0,-31.229637145996094,150.00005885957518,149.99999105930328,0.0
-31.25,-35.0,-31.229644775390625,150.00005885957518,149.99999105930328,0.0
-31.25,-30.0,-31.229633331298828,150.0000526507603,149.99999105930328,0.0
-31.25,-25.0,-31.229633331298828,150.00002781549833,149.9999612569809,0.0
-31.25,-20.0,-31.22962760925293,149.99999677141503,149.9999314546585,0.0
-31.25,-15.0,-31.229625701904297,149.99998435377992,149.99991655349731,0.0
-31.25,-10.0,-31.22962188720703,149.99998435377992,149.99991655349731,0.0
-31.25,-5.0,-31.2296199798584,149.9999719361438,149.99990165233612,0.0
-31.25,0.0,-31.229629516601562,149.9999719361438,149.99990165233612,0.0
-31.25,5.0,-31.2296199798584,149.99995330968767,149.99988675117493,0.0
-31.25,10.0,-31.22962188720703,149.99994089204895,149.99987185001373,0.0
-31.25,15.0,-31.229623794555664,149.9999719361438,149.99990165233612,0.0
-31.25,20.0,-31.229623794555664,149.99994089204895,149.99987185001373,0.0
-31.25,25.0,-31.22962760925293,150.00001539786578,149.9999463558197,0.0
-31.25,30.0,-31.229625701904297,150.00001539786578,149.9999463558197,0.0
-31.25,35.0,-31.229637145996094,150.00005885957518,149.99999105930328,0.0
-31.25,40.0,-31.22962760925293,150.00002781549833,149.9999612569809,0.0
-31.25,45.0,-31.229637145996094,150.0000526507603,149.99999105930328,0.0
-31.25,50.0,-31.22962188720703,150.00002781549833,149.9999612569809,0.0
-30.0,-50.0,-29.979637145996094,150.0000216066822,149.99987185001373,0.0
-30.0,-45.0,-29.979650497436523,149.99992847440922,149.99978244304657,0.0
-30.0,-40.0,-29.97964096069336,150.0000216066822,149.99987185001373,0.0
-30.0,-35.0,-29.979650497436523,149.99991605676846,149.99976754188538,0.0
-30.0,-30.0,-29.979637145996094,150.0000029802322,149.99985694885254,0.0
-30.0,-25.0,-29.979637145996094,149.9999595185066,149.99981224536896,0.0
-30.0,-20.0,-29.979631423950195,150.00006506838974,149.99991655349731,0.0
-30.0,-15.0,-29.979629516601562,150.0000526507603,149.99990165233612,0.0
-30.0,-10.0,-29.979625701904297,150.00006506838974,149.99991655349731,0.0
-30.0,-5.0,-29.979625701904297,150.0000774860182,149.9999314546585,0.0
-30.0,0.0,-29.979633331298828,150.0000774860182,149.9999314546585,0.0
-30.0,5.0,-29.979623794555664,150.0001085300848,149.9999612569809,0.0
-30.0,10.0,-29.979625701904297,150.0001085300848,149.9999612569809,0.0
-30.0,15.0,-29.97962760925293,150.0000961124589,149.9999463558197,0.0
-30.0,20.0,-29.97962760925293,150.0000774860182,149.9999314546585,0.0
-30.0,25.0,-29.979633331298828,150.0000216066822,149.99987185001373,0.0
-30.0,30.0,-29.979629516601562,150.0000029802322,149.99985694885254,0.0
-30.0,35.0,-29.97964096069336,149.999978144962,149.99982714653015,0.0
-30.0,40.0,-29.979633331298828,150.0000216066822,149.99987185001373,0.0
-30.0,45.0,-29.97964096069336,149.9999595185066,149.99981224536896,0.0
-30.0,50.0,-29.979625701904297,150.0000340243142,149.99988675117493,0.0
-28.75,-50.0,-28.72964096069336,150.00017061819864,149.99991655349731,0.0
-28.75,-45.0,-28.729656219482422,149.9999346832292,149.9996781349182,0.0
-28.75,-40.0,-28.729646682739258,150.0001768270086,149.99991655349731,0.0
-28.75,-35.0,-28.72965431213379,149.99998435377992,149.9997228384018,0.0
-28.75,-30.0,-28.72964096069336,150.00014578295617,149.99988675117493,0.0
-28.75,-25.0,-28.72964096069336,149.99996572732536,149.9997079372406,0.0
-28.75,-20.0,-28.72963523864746,150.00004023312982,149.99978244304657,0.0
-28.75,-15.0,-28.729633331298828,149.99990363912667,149.99964833259583,0.0
-28.75,-10.0,-28.729631423950195,149.99999677141503,149.999737739563,0.0
-28.75,-5.0,-28.72962760925293,149.99989122148386,149.99963343143463,0.0
-28.75,0.0,-28.729637145996094,149.99995330968767,149.9996930360794,0.0
-28.75,5.0,-28.72962760925293,149.9998477597259,149.99958872795105,0.0
-28.75,10.0,-28.729629516601562,149.99995330968767,149.9996930360794,0.0
-28.75,15.0,-28.729631423950195,149.99986638619512,149.99960362911224,0.0
-28.75,20.0,-28.729631423950195,149.99999677141503,149.999737739563,0.0
-28.75,25.0,-28.729637145996094,149.99990363912667,149.99964833259583,0.0
-28.75,30.0,-28.729633331298828,150.0001085300848,149.99985694885254,0.0
-28.75,35.0,-28.729646682739258,149.99994089204895,149.9996781349182,0.0
-28.75,40.0,-28.729637145996094,150.0001333653334,149.99987185001373,0.0
-28.75,45.0,-28.729644775390625,149.9999346832292,149.9996781349182,0.0
-28.75,50.0,-28.729629516601562,150.00012715652161,149.99987185001373,0.0
-27.5,-50.0,-27.479642868041992,150.00008369483203,149.99966323375702,0.0
-27.5,-45.0,-27.479656219482422,149.9998415509023,149.99942481517792,0.0
-27.5,-40.0,-27.47964859008789,150.0000712772041,149.99964833259583,0.0
-27.5,-35.0,-27.479656219482422,149.99981671560533,149.99939501285553,0.0
-27.5,-30.0,-27.479642868041992,150.0000526507603,149.99963343143463,0.0
-27.5,-25.0,-27.479642868041992,149.99987880384,149.9994546175003,0.0
-27.5,-20.0,-27.479637145996094,150.0001147388973,149.9996930360794,0.0
-27.5,-15.0,-27.47963523864746,150.00000918904914,149.99958872795105,0.0
-27.5,-10.0,-27.479631423950195,150.0001147388973,149.9996930360794,0.0
-27.5,-5.0,-27.479629516601562,150.0000712772041,149.99964833259583,0.0
-27.5,0.0,-27.479637145996094,150.00017061819864,149.99975264072418,0.0
-27.5,5.0,-27.479629516601562,150.00006506838974,149.99964833259583,0.0
-27.5,10.0,-27.479629516601562,150.00018303581834,149.99976754188538,0.0
-27.5,15.0,-27.479633331298828,150.0000216066822,149.99960362911224,0.0
-27.5,20.0,-27.479633331298828,150.0001892446278,149.99976754188538,0.0
-27.5,25.0,-27.479637145996094,149.99992226558896,149.9994993209839,0.0
-27.5,30.0,-27.479637145996094,150.0001085300848,149.9996930360794,0.0
-27.5,35.0,-27.47964859008789,149.99986017737228,149.9994397163391,0.0
-27.5,40.0,-27.47964096069336,150.0001085300848,149.9996930360794,0.0
-27.5,45.0,-27.47964859008789,149.99985396854922,149.9994397163391,0.0
-27.5,50.0,-27.479631423950195,150.0001147388973,149.9996930360794,0.0
-26.25,-50.0,-26.229644775390625,150.0001333653334,149.99954402446747,0.0
-26.25,-45.0,-26.229660034179688,149.9999719361438,149.99938011169434,0.0
-26.25,-40.0,-26.229652404785156,150.00014578295617,149.99955892562866,0.0
-26.25,-35.0,-26.229660034179688,150.0000464419452,149.9994546175003,0.0
-26.25,-30.0,-26.229644775390625,150.0001209477096,149.99952912330627,0.0
-26.25,-25.0,-26.229644775390625,150.00001539786578,149.99942481517792,0.0
-26.25,-20.0,-26.229637145996094,149.99998435377992,149.99939501285553,0.0
-26.25,-15.0,-26.229637145996094,149.99992226558896,149.99933540821075,0.0
-26.25,-10.0,-26.229633331298828,149.99994089204895,149.99935030937195,0.0
-26.25,-5.0,-26.229629516601562,149.99986638619512,149.99927580356598,0.0
-26.25,0.0,-26.229637145996094,149.99989743030537,149.99930560588837,0.0
-26.25,5.0,-26.229629516601562,149.99982292442996,149.9992311000824,0.0
-26.25,10.0,-26.229629516601562,149.99992226558896,149.99933540821075,0.0
-26.25,15.0,-26.229633331298828,149.99983534207846,149.9992460012436,0.0
-26.25,20.0,-26.229633331298828,149.99998435377992,149.99939501285553,0.0
-26.25,25.0,-26.22964096069336,149.99989743030537,149.99930560588837,0.0
-26.25,30.0,-26.229637145996094,150.0001209477096,149.99952912330627,0.0
-26.25,35.0,-26.22964859008789,149.99992226558896,149.99933540821075,0.0
-26.25,40.0,-26.22964096069336,150.0001333653334,149.99954402446747,0.0
-26.25,45.0,-26.22964859008789,149.9999098479477,149.99932050704956,0.0
-26.25,50.0,-26.229633331298828,150.0001333653334,149.99954402446747,0.0
-25.0,-50.0,-24.97964859008789,149.9999346832292,149.9992460012436,0.0
-25.0,-45.0,-24.979663848876953,149.99996572732536,149.99927580356598,0.0
-25.0,-40.0,-24.979656219482422,149.99992847440922,149.9992311000824,0.0
-25.0,-35.0,-24.979663848876953,149.99992847440922,149.9992311000824,0.0
-25.0,-30.0,-24.97964859008789,149.99990363912667,149.9992161989212,0.0
-25.0,-25.0,-24.97964859008789,149.999978144962,149.99929070472717,0.0
-25.0,-20.0,-24.97964096069336,150.00002781549833,149.99933540821075,0.0
-25.0,-15.0,-24.97964096069336,150.00010232127198,149.99940991401672,0.0
-25.0,-10.0,-24.979637145996094,150.0000774860182,149.99938011169434,0.0
-25.0,-5.0,-24.979633331298828,150.0001582005779,149.9994695186615,0.0
-25.0,0.0,-24.97964096069336,150.0001333653334,149.9994397163391,0.0
-25.0,5.0,-24.979633331298828,150.0001768270086,149.9994844198227,0.0
-25.0,10.0,-24.979633331298828,150.0001333653334,149.9994397163391,0.0
-25.0,15.0,-24.979637145996094,150.0001209477096,149.99942481517792,0.0
-25.0,20.0,-24.979637145996094,150.00010232127198,149.99940991401672,0.0
-25.0,25.0,-24.979642868041992,150.00000918904914,149.99932050704956,0.0
-25.0,30.0,-24.97964096069336,150.00001539786578,149.99932050704956,0.0
-25.0,35.0,-24.97965431213379,149.99994710086844,149.99926090240479,0.0
-25.0,40.0,-24.979644775390625,150.00001539786578,149.99932050704956,0.0
-25.0,45.0,-24.979652404785156,149.9999719361438,149.99927580356598,0.0
-25.0,50.0,-24.979637145996094,150.0000216066822,149.99933540821075,0.0
-23.75,-50.0,-23.729656219482422,150.00004023312982,149.99927580356598,0.0
-23.75,-45.0,-23.729671478271484,150.0000961124589,149.99933540821075,0.0
-23.75,-40.0,-23.729663848876953,150.00004023312982,149.99927580356598,0.0
-23.75,-35.0,-23.729671478271484,150.00017061819864,149.99940991401672,0.0
-23.75,-30.0,-23.729656219482422,150.0000464419452,149.99927580356598,0.0
-23.75,-25.0,-23.729656219482422,150.0001147388973,149.99935030937195,0.0
-23.75,-20.0,-23.72964859008789,149.9999098479477,149.99914169311523,0.0
-23.75,-15.0,-23.729646682739258,150.0000029802322,149.9992311000824,0.0
-23.75,-10.0,-23.729642868041992,149.99986638619512,149.99909698963165,0.0
-23.75,-5.0,-23.72964096069336,149.99992226558896,149.99915659427643,0.0
-23.75,0.0,-23.72964859008789,149.9998042979553,149.99903738498688,0.0
-23.75,5.0,-23.729639053344727,149.99989743030537,149.99912679195404,0.0
-23.75,10.0,-23.72964096069336,149.9998042979553,149.99903738498688,0.0
-23.75,15.0,-23.729644775390625,149.9999346832292,149.99917149543762,0.0
-23.75,20.0,-23.729644775390625,149.99986638619512,149.99909698963165,0.0
-23.75,25.0,-23.729650497436523,150.00002781549833,149.99926090240479,0.0
-23.75,30.0,-23.72964859008789,149.999978144962,149.9992161989212,0.0
-23.75,35.0,-23.729660034179688,150.0000712772041,149.99930560588837,0.0
-23.75,40.0,-23.729652404785156,149.99999677141503,149.9992311000824,0.0
-23.75,45.0,-23.729660034179688,150.00004023312982,149.99927580356598,0.0
-23.75,50.0,-23.729644775390625,150.00001539786578,149.9992460012436,0.0
-22.5,-50.0,-22.47966194152832,149.9999098479477,149.99906718730927,0.0
-22.5,-45.0,-22.479677200317383,149.9999719361438,149.99912679195404,0.0
-22.5,-40.0,-22.47966957092285,149.99989743030537,149.99905228614807,0.0
-22.5,-35.0,-22.47967529296875,149.99992847440922,149.99908208847046,0.0
-22.5,-30.0,-22.47966194152832,149.99986638619512,149.99902248382568,0.0
-22.5,-25.0,-22.47966194152832,150.00001539786578,149.99917149543762,0.0
-22.5,-20.0,-22.47965431213379,149.99998435377992,149.99914169311523,0.0
-22.5,-15.0,-22.479652404785156,150.0001333653334,149.99929070472717,0.0
-22.5,-10.0,-22.47964859008789,150.00005885957518,149.9992161989212,0.0
-22.5,-5.0,-22.479644775390625,150.0001892446278,149.99935030937195,0.0
-22.5,0.0,-22.47965431213379,150.0001209477096,149.99927580356598,0.0
-22.5,5.0,-22.479644775390625,150.00022649747916,149.99938011169434,0.0
-22.5,10.0,-22.479646682739258,150.00010232127198,149.99926090240479,0.0
-22.5,15.0,-22.47964859008789,150.0001644093884,149.99932050704956,0.0
-22.5,20.0,-22.479650497436523,150.0000464419452,149.99920129776,0.0
-22.5,25.0,-22.479656219482422,150.0000774860182,149.9992311000824,0.0
-22.5,30.0,-22.479656219482422,149.99994089204895,149.99909698963165,0.0
-22.5,35.0,-22.47966766357422,150.00001539786578,149.99917149543762,0.0
-22.5,40.0,-22.479660034179688,149.99994089204895,149.99909698963165,0.0
-22.5,45.0,-22.47966766357422,150.00002781549833,149.99918639659882,0.0
-22.5,50.0,-22.479650497436523,149.99995330968767,149.99911189079285,0.0
-21.25,-50.0,-21.22966766357422,150.0000526507603,149.99908208847046,0.0
-21.25,-45.0,-21.22968292236328,150.0000712772041,149.99911189079285,0.0
-21.25,-40.0,-21.22967529296875,150.00006506838974,149.99909698963165,0.0
-21.25,-35.0,-21.22968101501465,150.0001333653334,149.99917149543762,0.0
-21.25,-30.0,-21.22966766357422,150.0000526507603,149.99908208847046,0.0
-21.25,-25.0,-21.22966766357422,150.0000774860182,149.99911189079285,0.0
-21.25,-20.0,-21.229660034179688,149.99991605676846,149.99894797801971,0.0
-21.25,-15.0,-21.229656219482422,149.9999595185066,149.9989926815033,0.0
-21.25,-10.0,-21.229652404785156,149.9998415509023,149.99887347221375,0.0
-21.25,-5.0,-21.229650497436523,149.9999098479477,149.99894797801971,0.0
-21.25,0.0,-21.229660034179688,149.99976704499912,149.99879896640778,0.0
-21.25,5.0,-21.22964859008789,149.99990363912667,149.99893307685852,0.0
-21.25,10.0,-21.229652404785156,149.9997794626522,149.99881386756897,0.0
-21.25,15.0,-21.229652404785156,149.99992847440922,149.9989628791809,0.0
-21.25,20.0,-21.229656219482422,149.9998415509023,149.99887347221375,0.0
-21.25,25.0,-21.229660034179688,150.0000340243142,149.99906718730927,0.0
-21.25,30.0,-21.229660034179688,149.999978144962,149.9990075826645,0.0
-21.25,35.0,-21.229671478271484,150.00006506838974,149.99909698963165,0.0
-21.25,40.0,-21.229663848876953,149.99999056259762,149.99902248382568,0.0
-21.25,45.0,-21.229671478271484,150.0000340243142,149.99906718730927,0.0
-21.25,50.0,-21.229656219482422,149.999978144962,149.9990075826645,0.0
-20.0,-50.0,-19.979673385620117,149.99995330968767,149.9987095594406,0.0
-20.0,-45.0,-19.979690551757812,149.99996572732536,149.9987244606018,0.0
-20.0,-40.0,-19.97968101501465,149.9999346832292,149.99869465827942,0.0
-20.0,-35.0,-19.97968864440918,149.99990363912667,149.99866485595703,0.0
-20.0,-30.0,-19.97967529296875,149.9999098479477,149.99866485595703,0.0
-20.0,-25.0,-19.97967529296875,150.0000029802322,149.9987542629242,0.0
-20.0,-20.0,-19.97966766357422,150.0000340243142,149.99878406524658,0.0
-20.0,-15.0,-19.979663848876953,150.00015199176715,149.99890327453613,0.0
-20.0,-10.0,-19.979660034179688,150.0000774860182,149.99882876873016,0.0
-20.0,-5.0,-19.979656219482422,150.0002078710546,149.9989628791809,0.0
-20.0,0.0,-19.97966766357422,150.0001209477096,149.99887347221375,0.0
-20.0,5.0,-19.979656219482422,150.0002699591274,149.99902248382568,0.0
-20.0,10.0,-19.979660034179688,150.0001209477096,149.99887347221375,0.0
-20.0,15.0,-19.979660034179688,150.000195453437,149.99894797801971,0.0
-20.0,20.0,-19.979663848876953,150.00005885957518,149.99881386756897,0.0
-20.0,25.0,-19.97966766357422,150.00005885957518,149.99881386756897,0.0
-20.0,30.0,-19.97966766357422,149.99996572732536,149.9987244606018,0.0
-20.0,35.0,-19.979679107666016,150.0000029802322,149.9987542629242,0.0
-20.0,40.0,-19.979671478271484,150.00001539786578,149.9987691640854,0.0
-20.0,45.0,-19.979679107666016,150.0000340243142,149.99878406524658,0.0
-20.0,50.0,-19.97966194152832,150.00002781549833,149.99878406524658,0.0
-18.75,-50.0,-18.72968292236328,150.0001209477096,149.9984860420227,0.0
-18.75,-45.0,-18.72970199584961,149.99998435377992,149.99835193157196,0.0
-18.75,-40.0,-18.729692459106445,150.0001395741449,149.9985009431839,0.0
-18.75,-35.0,-18.729698181152344,150.0000464419452,149.99841153621674,0.0
-18.75,-30.0,-18.729684829711914,150.00015199176715,149.9985158443451,0.0
-18.75,-25.0,-18.72968292236328,149.99999677141503,149.99836683273315,0.0
-18.75,-20.0,-18.729677200317383,150.0000029802322,149.99836683273315,0.0
-18.75,-15.0,-18.72967529296875,149.99986638619512,149.9982327222824,0.0
-18.75,-10.0,-18.729671478271484,149.99989743030537,149.9982625246048,0.0
-18.75,-5.0,-18.72966766357422,149.9998415509023,149.99820291996002,0.0
-18.75,0.0,-18.72967529296875,149.99983534207846,149.99820291996002,0.0
-18.75,5.0,-18.72966766357422,149.9998042979553,149.99815821647644,0.0
-18.75,10.0,-18.72966957092285,149.99987880384,149.9982327222824,0.0
-18.75,15.0,-18.729671478271484,149.99982913325434,149.99818801879883,0.0
-18.75,20.0,-18.729671478271484,149.99995330968767,149.99832212924957,0.0
-18.75,25.0,-18.729679107666016,149.99992226558896,149.99829232692719,0.0
-18.75,30.0,-18.729677200317383,150.00010232127198,149.99845623970032,0.0
-18.75,35.0,-18.729690551757812,149.99992226558896,149.99829232692719,0.0
-18.75,40.0,-18.72968292236328,150.0000899036456,149.99845623970032,0.0
-18.75,45.0,-18.729690551757812,149.99990363912667,149.9982625246048,0.0
-18.75,50.0,-18.729671478271484,150.0000899036456,149.99845623970032,0.0
-17.5,-50.0,-17.479698181152344,150.0000526507603,149.99793469905853,0.0
-17.5,-45.0,-17.479717254638672,149.99989743030537,149.9977707862854,0.0
-17.5,-40.0,-17.479705810546875,150.0000464419452,149.99791979789734,0.0
-17.5,-35.0,-17.479713439941406,149.9998415509023,149.99772608280182,0.0
-17.5,-30.0,-17.479698181152344,150.0000216066822,149.99788999557495,0.0
-17.5,-25.0,-17.479698181152344,149.99991605676846,149.9978005886078,0.0
-17.5,-20.0,-17.479690551757812,150.0001395741449,149.9980092048645,0.0
-17.5,-15.0,-17.47968864440918,150.00006506838974,149.99794960021973,0.0
-17.5,-10.0,-17.479684829711914,150.00018303581834,149.99806880950928,0.0
-17.5,-5.0,-17.47968292236328,150.0001395741449,149.9980092048645,0.0
-17.5,0.0,-17.479690551757812,150.0002327062868,149.99811351299286,0.0
-17.5,5.0,-17.47968292236328,150.00017061819864,149.9980390071869,0.0
-17.5,10.0,-17.47968292236328,150.00024512390138,149.99812841415405,0.0
-17.5,15.0,-17.479684829711914,150.0000961124589,149.99797940254211,0.0
-17.5,20.0,-17.479686737060547,150.00020166224593,149.99808371067047,0.0
-17.5,25.0,-17.479692459106445,149.9999346832292,149.99781548976898,0.0
-17.5,30.0,-17.479690551757812,150.0001395741449,149.9980092048645,0.0
-17.5,35.0,-17.479705810546875,149.99988501266205,149.9977558851242,0.0
-17.5,40.0,-17.479698181152344,150.00017061819864,149.9980390071869,0.0
-17.5,45.0,-17.479705810546875,149.99989743030537,149.9977707862854,0.0
-17.5,50.0,-17.479686737060547,150.000195453437,149.99806880950928,0.0
-16.25,-50.0,-16.229713439941406,150.0000961124589,149.9975174665451,0.0
-16.25,-45.0,-16.229732513427734,149.9999719361438,149.99738335609436,0.0
-16.25,-40.0,-16.229724884033203,150.0000961124589,149.9975174665451,0.0
-16.25,-35.0,-16.22972869873047,150.0000216066822,149.99744296073914,0.0
-16.25,-30.0,-16.22971534729004,150.0001085300848,149.9975174665451,0.0
-16.25,-25.0,-16.229713439941406,149.9999595185066,149.99738335609436,0.0
-16.25,-20.0,-16.229705810546875,149.9999595185066,149.99738335609436,0.0
-16.25,-15.0,-16.229703903198242,149.99985396854922,149.9972641468048,0.0
-16.25,-10.0,-16.229700088500977,149.9999098479477,149.99732375144958,0.0
-16.25,-5.0,-16.229698181152344,149.99979188030426,149.99720454216003,0.0
-16.25,0.0,-16.229705810546875,149.99986638619512,149.997279047966,0.0
-16.25,5.0,-16.229698181152344,149.99973600086187,149.99715983867645,0.0
-16.25,10.0,-16.229698181152344,149.99987259501768,149.9972939491272,0.0
-16.25,15.0,-16.22970199584961,149.99976704499912,149.99718964099884,0.0
-16.25,20.0,-16.22970199584961,149.9999595185066,149.99738335609436,0.0
-16.25,25.0,-16.229707717895508,149.99988501266205,149.9972939491272,0.0
-16.25,30.0,-16.229707717895508,150.0001085300848,149.9975174665451,0.0
-16.25,35.0,-16.229721069335938,149.99988501266205,149.9972939491272,0.0
-16.25,40.0,-16.229713439941406,150.0001085300848,149.9975174665451,0.0
-16.25,45.0,-16.229721069335938,149.99982292442996,149.99724924564362,0.0
-16.25,50.0,-16.229703903198242,150.0000899036456,149.9975025653839,0.0
-15.0,-50.0,-14.979732513427734,149.99998435377992,149.99710023403168,0.0
-15.0,-45.0,-14.979750633239746,149.9999719361438,149.99708533287048,0.0
-15.0,-40.0,-14.979741096496582,149.99998435377992,149.99710023403168,0.0
-15.0,-35.0,-14.979747772216797,149.99992847440922,149.9970406293869,0.0
-15.0,-30.0,-14.979732513427734,149.99996572732536,149.99708533287048,0.0
-15.0,-25.0,-14.979732513427734,149.99999677141503,149.99711513519287,0.0
-15.0,-20.0,-14.979724884033203,150.00008369483203,149.99720454216003,0.0
-15.0,-15.0,-14.979721069335938,150.0001147388973,149.99723434448242,0.0
-15.0,-10.0,-14.979718208312988,150.0001395741449,149.9972641468048,0.0
-15.0,-5.0,-14.979715347290039,150.00015199176715,149.997279047966,0.0
-15.0,0.0,-14.97972297668457,150.00022028867122,149.99733865261078,0.0
-15.0,5.0,-14.979715347290039,150.0001582005779,149.997279047966,0.0
-15.0,10.0,-14.979717254638672,150.00020166224593,149.99732375144958,0.0
-15.0,15.0,-14.979719161987305,150.00010232127198,149.99721944332123,0.0
-15.0,20.0,-14.979721069335938,150.0001768270086,149.9972939491272,0.0
-15.0,25.0,-14.97972583770752,149.9999719361438,149.99708533287048,0.0
-15.0,30.0,-14.979724884033203,150.00008369483203,149.99720454216003,0.0
-15.0,35.0,-14.979738235473633,149.9999346832292,149.9970555305481,0.0
-15.0,40.0,-14.979731559753418,150.0001209477096,149.99723434448242,0.0
-15.0,45.0,-14.979740142822266,149.9999719361438,149.99708533287048,0.0
-15.0,50.0,-14.979721069335938,150.0001395741449,149.99724924564362,0.0
-14.230769,-50.0,-14.210514068603516,149.9999595185066,149.9970555305481,0.0
-14.230769,-45.0,-14.210531234741211,150.0000216066822,149.99711513519287,0.0
-14.230769,-40.0,-14.210521697998047,149.9999595185066,149.9970555305481,0.0
-14.230769,-35.0,-14.210529327392578,150.00006506838974,149.99715983867645,0.0
-14.230769,-30.0,-14.210514068603516,149.999978144962,149.9970704317093,0.0
-14.230769,-25.0,-14.210514068603516,150.0000216066822,149.99711513519287,0.0
-14.230769,-20.0,-14.210506439208984,149.99986638619512,149.99696612358093,0.0
-14.230769,-15.0,-14.210504531860352,149.99991605676846,149.9970108270645,0.0
-14.230769,-10.0,-14.210500717163086,149.99981050678045,149.99690651893616,0.0
-14.230769,-5.0,-14.21049690246582,149.99987259501768,149.99696612358093,0.0
-14.230769,0.0,-14.210504531860352,149.99976704499912,149.99686181545258,0.0
-14.230769,5.0,-14.21049690246582,149.99985396854922,149.99695122241974,0.0
-14.230769,10.0,-14.210498809814453,149.99979808912994,149.99689161777496,0.0
-14.230769,15.0,-14.210500717163086,149.99988501266205,149.99698102474213,0.0
-14.230769,20.0,-14.210502624511719,149.99987259501768,149.99696612358093,0.0
-14.230769,25.0,-14.210506439208984,149.9999595185066,149.9970555305481,0.0
-14.230769,30.0,-14.210506439208984,149.9999595185066,149.9970555305481,0.0
-14.230769,35.0,-14.210519790649414,149.9999595185066,149.9970555305481,0.0
-14.230769,40.0,-14.210512161254883,149.99994710086844,149.9970406293869,0.0
-14.230769,45.0,-14.210521697998047,149.99990363912667,149.99699592590332,0.0
-14.230769,50.0,-14.210502624511719,149.99996572732536,149.9970555305481,0.0
-13.461538,-50.0,-13.441293716430664,150.00001539786578,149.99733865261078,0.0
-13.461538,-45.0,-13.441312789916992,150.0000526507603,149.99738335609436,0.0
-13.461538,-40.0,-13.441303253173828,150.0000216066822,149.99735355377197,0.0
-13.461538,-35.0,-13.441309928894043,150.0000216066822,149.99735355377197,0.0
-13.461538,-30.0,-13.441295623779297,149.99999677141503,149.99732375144958,0.0
-13.461538,-25.0,-13.44129467010498,150.00008369483203,149.99741315841675,0.0
-13.461538,-20.0,-13.441287994384766,150.00008369483203,149.99741315841675,0.0
-13.461538,-15.0,-13.441285133361816,150.0001892446278,149.9975174665451,0.0
-13.461538,-10.0,-13.441282272338867,150.0001147388973,149.99744296073914,0.0
-13.461538,-5.0,-13.441278457641602,150.00022649747916,149.9975621700287,0.0
-13.461538,0.0,-13.44128704071045,150.0001395741449,149.99747276306152,0.0
-13.461538,5.0,-13.441278457641602,150.00025754151488,149.99759197235107,0.0
-13.461538,10.0,-13.441280364990234,150.0001147388973,149.99744296073914,0.0
-13.461538,15.0,-13.441282272338867,150.0002327062868,149.9975621700287,0.0
-13.461538,20.0,-13.441283226013184,150.0000526507603,149.99738335609436,0.0
-13.461538,25.0,-13.441287994384766,150.0001395741449,149.99747276306152,0.0
-13.461538,30.0,-13.44128704071045,150.00000918904914,149.99733865261078,0.0
-13.461538,35.0,-13.441301345825195,150.0001333653334,149.99745786190033,0.0
-13.461538,40.0,-13.441293716430664,150.0000526507603,149.99738335609436,0.0
-13.461538,45.0,-13.441302299499512,150.0001582005779,149.99748766422272,0.0
-13.461538,50.0,-13.441282272338867,150.0000464419452,149.99736845493317,0.0
-12.692307,-50.0,-12.672073364257812,149.9999346832292,149.99781548976898,0.0
-12.692307,-45.0,-12.67209243774414,149.99994710086844,149.99783039093018,0.0
-12.692307,-40.0,-12.672082901000977,149.9999346832292,149.99781548976898,0.0
-12.692307,-35.0,-12.672089576721191,149.999978144962,149.99786019325256,0.0
-12.692307,-30.0,-12.672075271606445,149.99994710086844,149.99783039093018,0.0
-12.692307,-25.0,-12.672075271606445,149.9999719361438,149.99786019325256,0.0
-12.692307,-20.0,-12.672067642211914,149.99985396854922,149.997740983963,0.0
-12.692307,-15.0,-12.672065734863281,149.9999098479477,149.9978005886078,0.0
-12.692307,-10.0,-12.672062873840332,149.99979188030426,149.99768137931824,0.0
-12.692307,-5.0,-12.672059059143066,149.99992847440922,149.99781548976898,0.0
-12.692307,0.0,-12.672067642211914,149.99972979203363,149.99762177467346,0.0
-12.692307,5.0,-12.672059059143066,149.99992847440922,149.99781548976898,0.0
-12.692307,10.0,-12.672060012817383,149.99974841851756,149.99763667583466,0.0
-12.692307,15.0,-12.672061920166016,149.99994089204895,149.99783039093018,0.0
-12.692307,20.0,-12.672063827514648,149.99978567147838,149.99766647815704,0.0
-12.692307,25.0,-12.672067642211914,150.00001539786578,149.99788999557495,0.0
-12.692307,30.0,-12.672067642211914,149.9998477597259,149.99772608280182,0.0
-12.692307,35.0,-12.672080993652344,149.99998435377992,149.99786019325256,0.0
-12.692307,40.0,-12.672073364257812,149.9998477597259,149.99772608280182,0.0
-12.692307,45.0,-12.672080993652344,149.99992226558896,149.9978005886078,0.0
-12.692307,50.0,-12.672061920166016,149.99986638619512,149.997740983963,0.0
-11.923077,-50.0,-11.902849197387695,150.00014578295617,149.9987095594406,0.0
-11.923077,-45.0,-11.902868270874023,150.0000961124589,149.99866485595703,0.0
-11.923077,-40.0,-11.90285873413086,150.0001582005779,149.9987244606018,0.0
-11.923077,-35.0,-11.90286636352539,150.0000899036456,149.99866485595703,0.0
-11.923077,-30.0,-11.902851104736328,150.0000774860182,149.99864995479584,0.0
-11.923077,-25.0,-11.902851104736328,150.00015199176715,149.9987244606018,0.0
-11.923077,-20.0,-11.902843475341797,150.0001085300848,149.99867975711823,0.0
-11.923077,-15.0,-11.902841567993164,150.0002389150942,149.99881386756897,0.0
-11.923077,-10.0,-11.902839660644531,150.0001085300848,149.99867975711823,0.0
-11.923077,-5.0,-11.902835845947266,150.0002699591274,149.99884366989136,0.0
-11.923077,0.0,-11.902843475341797,150.0001209477096,149.99869465827942,0.0
-11.923077,5.0,-11.902835845947266,150.00033204717442,149.99890327453613,0.0
-11.923077,10.0,-11.902837753295898,150.0000774860182,149.99864995479584,0.0
-11.923077,15.0,-11.902837753295898,150.0003010031541,149.99887347221375,0.0
-11.923077,20.0,-11.902839660644531,150.00006506838974,149.99863505363464,0.0
-11.923077,25.0,-11.902843475341797,150.00021407986304,149.99878406524658,0.0
-11.923077,30.0,-11.902843475341797,150.00006506838974,149.99863505363464,0.0
-11.923077,35.0,-11.902856826782227,150.000195453437,149.9987691640854,0.0
-11.923077,40.0,-11.902849197387695,150.0001209477096,149.99869465827942,0.0
-11.923077,45.0,-11.902857780456543,150.00021407986304,149.99878406524658,0.0
-11.923077,50.0,-11.902837753295898,150.0001209477096,149.99869465827942,0.0
-11.153846,-50.0,-11.133621215820312,149.99991605676846,149.99905228614807,0.0
-11.153846,-45.0,-11.133641242980957,149.99981671560533,149.9989628791809,0.0
-11.153846,-40.0,-11.133631706237793,149.99989122148386,149.99903738498688,0.0
-11.153846,-35.0,-11.133638381958008,149.99986638619512,149.9990075826645,0.0
-11.153846,-30.0,-11.133623123168945,149.9999098479477,149.99905228614807,0.0
-11.153846,-25.0,-11.133623123168945,149.99987880384,149.99902248382568,0.0
-11.153846,-20.0,-11.133615493774414,149.9998477597259,149.9989926815033,0.0
-11.153846,-15.0,-11.133613586425781,149.9998477597259,149.9989926815033,0.0
-11.153846,-10.0,-11.133611679077148,149.99979188030426,149.99893307685852,0.0
-11.153846,-5.0,-11.133607864379883,149.99986017737228,149.9990075826645,0.0
-11.153846,0.0,-11.133615493774414,149.99974220968983,149.99888837337494,0.0
-11.153846,5.0,-11.133607864379883,149.99987259501768,149.99902248382568,0.0
-11.153846,10.0,-11.133609771728516,149.99974220968983,149.99888837337494,0.0
-11.153846,15.0,-11.133609771728516,149.9999098479477,149.99905228614807,0.0
-11.153846,20.0,-11.133611679077148,149.99976083617216,149.99890327453613,0.0
-11.153846,25.0,-11.133615493774414,149.99995330968767,149.99909698963165,0.0
-11.153846,30.0,-11.133615493774414,149.99979188030426,149.99893307685852,0.0
-11.153846,35.0,-11.13362979888916,149.9999098479477,149.99905228614807,0.0
-11.153846,40.0,-11.133622169494629,149.99979188030426,149.99893307685852,0.0
-11.153846,45.0,-11.133630752563477,149.9998477597259,149.9989926815033,0.0
-11.153846,50.0,-11.133609771728516,149.99982292442996,149.9989628791809,0.0
-10.384615,-50.0,-10.364391326904297,150.00029479434926,149.99988675117493,0.0
-10.384615,-45.0,-10.364410400390625,150.00014578295617,149.999737739563,0.0
-10.384615,-40.0,-10.364400863647461,150.00029479434926,149.99988675117493,0.0
-10.384615,-35.0,-10.364408493041992,150.0001147388973,149.9997079372406,0.0
-10.384615,-30.0,-10.36439323425293,150.0002389150942,149.99982714653015,0.0
-10.384615,-25.0,-10.364392280578613,150.0001768270086,149.99976754188538,0.0
-10.384615,-20.0,-10.364385604858398,150.0002389150942,149.99982714653015,0.0
-10.384615,-15.0,-10.364383697509766,150.0002389150942,149.99982714653015,0.0
-10.384615,-10.0,-10.3643798828125,150.0001768270086,149.99976754188538,0.0
-10.384615,-5.0,-10.36437702178955,150.000313420763,149.99990165233612,0.0
-10.384615,0.0,-10.364385604858398,150.0001644093884,149.99975264072418,0.0
-10.384615,5.0,-10.36437702178955,150.00035688238606,149.9999463558197,0.0
-10.384615,10.0,-10.364377975463867,150.0001147388973,149.9997079372406,0.0
-10.384615,15.0,-10.3643798828125,150.000313420763,149.99990165233612,0.0
-10.384615,20.0,-10.364380836486816,150.0001147388973,149.9997079372406,0.0
-10.384615,25.0,-10.364385604858398,150.0002389150942,149.99982714653015,0.0
-10.384615,30.0,-10.364385604858398,150.0001768270086,149.99976754188538,0.0
-10.384615,35.0,-10.364398956298828,150.0002389150942,149.99982714653015,0.0
-10.384615,40.0,-10.364391326904297,150.00025133270825,149.99984204769135,0.0
-10.384615,45.0,-10.364400863647461,150.00026375032124,149.99985694885254,0.0
-10.384615,50.0,-10.3643798828125,150.0002389150942,149.99982714653015,0.0
-9.615385,-50.0,-9.595159530639648,149.9998415509023,149.9997079372406,0.0
-9.615385,-45.0,-9.59518051147461,149.99966770373732,149.99952912330627,0.0
-9.615385,-40.0,-9.595170974731445,149.9998415509023,149.9997079372406,0.0
-9.615385,-35.0,-9.595176696777344,149.9996925390589,149.99955892562866,0.0
-9.615385,-30.0,-9.595161437988281,149.99990363912667,149.99976754188538,0.0
-9.615385,-25.0,-9.595161437988281,149.9996925390589,149.99955892562866,0.0
-9.615385,-20.0,-9.59515380859375,149.99987259501768,149.999737739563,0.0
-9.615385,-15.0,-9.5951509475708,149.9996925390589,149.99955892562866,0.0
-9.615385,-10.0,-9.595148086547852,149.9998415509023,149.9997079372406,0.0
-9.615385,-5.0,-9.595145225524902,149.99974220968983,149.99960362911224,0.0
-9.615385,0.0,-9.595152854919434,149.99978567147838,149.99964833259583,0.0
-9.615385,5.0,-9.595145225524902,149.999754627345,149.99961853027344,0.0
-9.615385,10.0,-9.595146179199219,149.99978567147838,149.99964833259583,0.0
-9.615385,15.0,-9.595148086547852,149.99981671560533,149.9996781349182,0.0
-9.615385,20.0,-9.595148086547852,149.999754627345,149.99961853027344,0.0
-9.615385,25.0,-9.59515380859375,149.9998415509023,149.9997079372406,0.0
-9.615385,30.0,-9.59515380859375,149.999754627345,149.99961853027344,0.0
-9.615385,35.0,-9.595169067382812,149.99978567147838,149.99964833259583,0.0
-9.615385,40.0,-9.595160484313965,149.9996925390589,149.99955892562866,0.0
-9.615385,45.0,-9.595169067382812,149.999754627345,149.99961853027344,0.0
-9.615385,50.0,-9.595148086547852,149.99972358320517,149.99958872795105,0.0
-8.846154,-50.0,-8.825925827026367,150.000450014393,150.0004231929779,0.0
-8.846154,-45.0,-8.825946807861328,150.0001768270086,150.00015497207642,0.0
-8.846154,-40.0,-8.825937271118164,150.0004562231914,150.0004380941391,0.0
-8.846154,-35.0,-8.825944900512695,150.00017061819864,150.00015497207642,0.0
-8.846154,-30.0,-8.825929641723633,150.00041276159718,150.00039339065552,0.0
-8.846154,-25.0,-8.825927734375,150.00017061819864,150.00015497207642,0.0
-8.846154,-20.0,-8.825920104980469,150.00038171759357,150.00036358833313,0.0
-8.846154,-15.0,-8.825918197631836,150.00020166224593,150.0001847743988,0.0
-8.846154,-10.0,-8.82591438293457,150.00031962956706,150.00030398368835,0.0
-8.846154,-5.0,-8.825912475585938,150.00024512390138,150.00022947788239,0.0
-8.846154,0.0,-8.825920104980469,150.00027616793324,150.00025928020477,0.0
-8.846154,5.0,-8.825912475585938,150.00029479434926,150.00027418136597,0.0
-8.846154,10.0,-8.825912475585938,150.0002327062868,150.0002145767212,0.0
-8.846154,15.0,-8.82591438293457,150.00029479434926,150.00027418136597,0.0
-8.846154,20.0,-8.825916290283203,150.00024512390138,150.00022947788239,0.0
-8.846154,25.0,-8.825921058654785,150.00026375032124,150.00024437904358,0.0
-8.846154,30.0,-8.825921058654785,150.00026375032124,150.00024437904358,0.0
-8.846154,35.0,-8.825935363769531,150.0003010031541,150.00027418136597,0.0
-8.846154,40.0,-8.825927734375,150.00035688238606,150.00033378601074,0.0
-8.846154,45.0,-8.825937271118164,150.00032583837086,150.00030398368835,0.0
-8.846154,50.0,-8.82591438293457,150.00034446478074,150.00031888484955,0.0
-8.076924,-50.0,-8.056692123413086,149.99970495671818,149.9997079372406,0.0
-8.076924,-45.0,-8.056713104248047,149.9995311093949,149.99952912330627,0.0
-8.076924,-40.0,-8.056703567504883,149.99970495671818,149.9997079372406,0.0
-8.076924,-35.0,-8.056711196899414,149.99955594473911,149.99955892562866,0.0
-8.076924,-30.0,-8.056695938110352,149.99976704499912,149.99976754188538,0.0
-8.076924,-25.0,-8.056694030761719,149.9995745712446,149.99957382678986,0.0
-8.076924,-20.0,-8.056686401367188,149.99973600086187,149.999737739563,0.0
-8.076924,-15.0,-8.056684494018555,149.99963045074716,149.99963343143463,0.0
-8.076924,-10.0,-8.056681632995605,149.99973600086187,149.999737739563,0.0
-8.076924,-5.0,-8.056678771972656,149.99968012139863,149.9996781349182,0.0
-8.076924,0.0,-8.056686401367188,149.99970495671818,149.9997079372406,0.0
-8.076924,5.0,-8.056678771972656,149.99970495671818,149.9997079372406,0.0
-8.076924,10.0,-8.056679725646973,149.99968012139863,149.9996781349182,0.0
-8.076924,15.0,-8.056680679321289,149.99976704499912,149.99976754188538,0.0
-8.076924,20.0,-8.056682586669922,149.9996490772434,149.99964833259583,0.0
-8.076924,25.0,-8.056687355041504,149.999754627345,149.99975264072418,0.0
-8.076924,30.0,-8.05668830871582,149.99961803308173,149.99961853027344,0.0
-8.076924,35.0,-8.05670166015625,149.99968012139863,149.9996781349182,0.0
-8.076924,40.0,-8.056693077087402,149.99958698891368,149.99958872795105,0.0
-8.076924,45.0,-8.056702613830566,149.99961803308173,149.99961853027344,0.0
-8.076924,50.0,-8.056680679321289,149.99960561541528,149.99960362911224,0.0
-7.307692,-50.0,-7.287458419799805,150.00040655279696,150.0004082918167,0.0
-7.307692,-45.0,-7.287479877471924,150.0004686407875,150.0004678964615,0.0
-7.307692,-40.0,-7.287469863891602,150.00043759679542,150.0004380941391,0.0
-7.307692,-35.0,-7.287478446960449,150.000450014393,150.0004529953003,0.0
-7.307692,-30.0,-7.28746223449707,150.00037550879205,150.00037848949432,0.0
-7.307692,-25.0,-7.287461757659912,150.0004251791968,150.0004231929779,0.0
-7.307692,-20.0,-7.287453651428223,150.00033204717442,150.00033378601074,0.0
-7.307692,-15.0,-7.28745174407959,150.0003941351958,150.00039339065552,0.0
-7.307692,-10.0,-7.287448883056641,150.0003010031541,150.00030398368835,0.0
-7.307692,-5.0,-7.287445545196533,150.0004251791968,150.0004231929779,0.0
-7.307692,0.0,-7.287452697753906,150.00020166224593,150.00019967556,0.0
-7.307692,5.0,-7.287445545196533,150.0004810583825,150.00048279762268,0.0
-7.307692,10.0,-7.287446975708008,150.00018303581834,150.0001847743988,0.0
-7.307692,15.0,-7.287448406219482,150.0004810583825,150.00048279762268,0.0
-7.307692,20.0,-7.287448883056641,150.00018303581834,150.0001847743988,0.0
-7.307692,25.0,-7.287454605102539,150.00051210236555,150.00051259994507,0.0
-7.307692,30.0,-7.287454605102539,150.00022649747916,150.00022947788239,0.0
-7.307692,35.0,-7.287468910217285,150.00059902548387,150.00060200691223,0.0
-7.307692,40.0,-7.287459373474121,150.0003010031541,150.00030398368835,0.0
-7.307692,45.0,-7.287468910217285,150.00061765185984,150.00061690807343,0.0
-7.307692,50.0,-7.287446975708008,150.00027616793324,150.00027418136597,0.0
-6.538462,-50.0,-6.518224716186523,149.99935105302623,149.99935030937195,0.0
-6.538462,-45.0,-6.518246650695801,149.9996490772434,149.99964833259583,0.0
-6.538462,-40.0,-6.518237113952637,149.9992889645731,149.99929070472717,0.0
-6.538462,-35.0,-6.518245697021484,149.9996490772434,149.99964833259583,0.0
-6.538462,-30.0,-6.5182294845581055,149.99938209724314,149.99938011169434,0.0
-6.538462,-25.0,-6.518228530883789,149.99970495671818,149.9997079372406,0.0
-6.538462,-20.0,-6.518220901489258,149.99938209724314,149.99938011169434,0.0
-6.538462,-15.0,-6.518218994140625,149.99979808912994,149.99979734420776,0.0
-6.538462,-10.0,-6.518216133117676,149.99938209724314,149.99938011169434,0.0
-6.538462,-5.0,-6.518213272094727,149.99985396854922,149.99985694885254,0.0
-6.538462,0.0,-6.518219947814941,149.99938209724314,149.99938011169434,0.0
-6.538462,5.0,-6.518212795257568,149.99990363912667,149.99990165233612,0.0
-6.538462,10.0,-6.518214225769043,149.99936347071377,149.99936521053314,0.0
-6.538462,15.0,-6.518216133117676,149.99994710086844,149.9999463558197,0.0
-6.538462,20.0,-6.518216133117676,149.9992889645731,149.99929070472717,0.0
-6.538462,25.0,-6.518221855163574,149.99991605676846,149.99991655349731,0.0
-6.538462,30.0,-6.518221378326416,149.99923308494337,149.9992311000824,0.0
-6.538462,35.0,-6.51823616027832,149.99979808912994,149.99979734420776,0.0
-6.538462,40.0,-6.518226623535156,149.9991399521808,149.99914169311523,0.0
-6.538462,45.0,-6.518235206604004,149.9997794626522,149.99978244304657,0.0
-6.538462,50.0,-6.518213272094727,149.99920204069562,149.99920129776,0.0
-5.769231,-50.0,-5.748991012573242,150.000195453437,150.00015497207642,0.0
-5.769231,-45.0,-5.7490129470825195,150.00097155256344,150.0009298324585,0.0
-5.769231,-40.0,-5.7490034103393555,150.00025754151488,150.0002145767212,0.0
-5.769231,-35.0,-5.749011993408203,150.00099017889315,150.0009447336197,0.0
-5.769231,-30.0,-5.748995780944824,150.0001395741449,150.00009536743164,0.0
-5.769231,-25.0,-5.748994827270508,150.00097155256344,150.0009298324585,0.0
-5.769231,-20.0,-5.748986721038818,150.0000712772041,150.00003576278687,0.0
-5.769231,-15.0,-5.748985290527344,150.0009280911185,150.00088512897491,0.0
-5.769231,-10.0,-5.7489824295043945,149.99998435377992,149.9999463558197,0.0
-5.769231,-5.0,-5.748979568481445,150.00094050867548,150.0009000301361,0.0
-5.769231,0.0,-5.74898624420166,149.99987259501768,149.99982714653015,0.0
-5.769231,5.0,-5.748979568481445,150.00098397011686,150.0009447336197,0.0
-5.769231,10.0,-5.748980522155762,149.99986638619512,149.99982714653015,0.0
-5.769231,15.0,-5.748981952667236,150.00096534378636,150.0009298324585,0.0
-5.769231,20.0,-5.748981475830078,149.99992226558896,149.99988675117493,0.0
-5.769231,25.0,-5.748988151550293,150.00103364032012,150.00098943710327,0.0
-5.769231,30.0,-5.748988151550293,150.0000029802322,149.9999612569809,0.0
-5.769231,35.0,-5.749002456665039,150.00112056313625,150.00107884407043,0.0
-5.769231,40.0,-5.748992919921875,150.0001209477096,150.00008046627045,0.0
-5.769231,45.0,-5.749001502990723,150.00112056313625,150.00107884407043,0.0
-5.769231,50.0,-5.748979568481445,150.0000464419452,150.00000596046448,0.0
-5.0,-50.0,-4.979757785797119,149.99851285674086,149.998277425766,0.0
-5.0,-45.0,-4.979780197143555,150.00025754151488,150.00002086162567,0.0
-5.0,-40.0,-4.979769706726074,149.99839488799878,149.99815821647644,0.0
-5.0,-35.0,-4.979779243469238,150.0003010031541,150.00006556510925,0.0
-5.0,-30.0,-4.979763031005859,149.9984756034639,149.9982476234436,0.0
-5.0,-25.0,-4.979762077331543,150.00038171759357,150.00015497207642,0.0
-5.0,-20.0,-4.979753017425537,149.9984756034639,149.9982476234436,0.0
-5.0,-15.0,-4.979752063751221,150.00053072875227,150.00030398368835,0.0
-5.0,-10.0,-4.9797492027282715,149.99850664786203,149.998277425766,0.0
-5.0,-5.0,-4.979745864868164,150.0005928166914,150.00036358833313,0.0
-5.0,0.0,-4.979753017425537,149.99853769225368,149.99830722808838,0.0
-5.0,5.0,-4.979745864868164,150.0006362782335,150.0004082918167,0.0
-5.0,10.0,-4.9797468185424805,149.99849423010355,149.9982625246048,0.0
-5.0,15.0,-4.979748249053955,150.00067973976297,150.0004529953003,0.0
-5.0,20.0,-4.979747772216797,149.99840109688225,149.99817311763763,0.0
-5.0,25.0,-4.979754447937012,150.0006238606513,150.00039339065552,0.0
-5.0,30.0,-4.979754447937012,149.99832659026362,149.99809861183167,0.0
-5.0,35.0,-4.979769706726074,150.00046243198958,150.00022947788239,0.0
-5.0,40.0,-4.979759216308594,149.99821483026622,149.99797940254211,0.0
-5.0,45.0,-4.979768753051758,150.000450014393,150.0002145767212,0.0
-5.0,50.0,-4.979745864868164,149.9983327991499,149.99809861183167,0.0
-4.2,-50.0,-4.179757118225098,149.9987860471558,149.9980390071869,0.0
-4.2,-45.0,-4.179779052734375,150.00270379133033,150.00195801258087,0.0
-4.2,-40.0,-4.179769515991211,149.9989350598997,149.99818801879883,0.0
-4.2,-35.0,-4.179778575897217,150.00268516521342,150.00194311141968,0.0
-4.2,-30.0,-4.17976188659668,149.9987487939467,149.9980092048645,0.0
-4.2,-25.0,-4.179760932922363,150.00266033038727,150.0019133090973,0.0
-4.2,-20.0,-4.179751396179199,149.99865566088346,149.99791979789734,0.0
-4.2,-15.0,-4.179750442504883,150.0025920345942,150.00185370445251,0.0
-4.2,-10.0,-4.179747581481934,149.99850664786203,149.9977707862854,0.0
-4.2,-5.0,-4.179744720458984,150.00266653909418,150.00192821025848,0.0
-4.2,0.0,-4.179751396179199,149.99835763469255,149.99762177467346,0.0
-4.2,5.0,-4.179745197296143,150.00267895650725,150.00194311141968,0.0
-4.2,10.0,-4.179745674133301,149.99835763469255,149.99762177467346,0.0
-4.2,15.0,-4.179747104644775,150.0026541216801,150.0019133090973,0.0
-4.2,20.0,-4.179746627807617,149.9984507679408,149.99771118164062,0.0
-4.2,25.0,-4.179753303527832,150.00275966966717,150.00201761722565,0.0
-4.2,30.0,-4.179754257202148,149.99855631888562,149.99781548976898,0.0
-4.2,35.0,-4.179769039154053,150.0028962610696,150.0021517276764,0.0
-4.2,40.0,-4.1797590255737305,149.99872395846884,149.99797940254211,0.0
-4.2,45.0,-4.179768085479736,150.0028962610696,150.0021517276764,0.0
-4.2,50.0,-4.179745674133301,149.99856252776243,149.99781548976898,0.0
-3.4,-50.0,-3.379760265350342,149.99421625112947,149.99249577522278,0.0
-3.4,-45.0,-3.3797833919525146,150.0043863410168,150.00265836715698,0.0
-3.4,-40.0,-3.3797731399536133,149.99405481557162,149.99233186244965,0.0
-3.4,-35.0,-3.3797826766967773,150.0044608446256,150.00273287296295,0.0
-3.4,-30.0,-3.3797659873962402,149.99414795149158,149.992436170578,0.0
-3.4,-25.0,-3.3797647953033447,150.00458501722474,150.0028669834137,0.0
-3.4,-20.0,-3.3797547817230225,149.99414795149158,149.992436170578,0.0
-3.4,-15.0,-3.3797545433044434,150.0047650673109,150.00304579734802,0.0
-3.4,-10.0,-3.379751205444336,149.99421004207275,149.99249577522278,0.0
-3.4,-5.0,-3.379748821258545,150.0048271534974,150.0031054019928,0.0
-3.4,0.0,-3.3797550201416016,149.99427213262823,149.99255537986755,0.0
-3.4,5.0,-3.379748821258545,150.0048519879648,150.00313520431519,0.0
-3.4,10.0,-3.379748821258545,149.99421004207275,149.99249577522278,0.0
-3.4,15.0,-3.379750967025757,150.00491407411528,150.00319480895996,0.0
-3.4,20.0,-3.3797497749328613,149.99406102463476,149.99234676361084,0.0
-3.4,25.0,-3.3797574043273926,150.0048271534974,150.0031054019928,0.0
-3.4,30.0,-3.379757881164551,149.99398030679404,149.99225735664368,0.0
-3.4,35.0,-3.3797731399536133,150.00465331211043,150.00292658805847,0.0
-3.4,40.0,-3.3797624111175537,149.99381266190912,149.99209344387054,0.0
-3.4,45.0,-3.3797717094421387,150.004591225852,150.0028669834137,0.0
-3.4,50.0,-3.379748821258545,149.99400514305736,149.99228715896606,0.0
-2.6,-50.0,-2.57977032661438,149.9985252744978,149.99550580978394,0.0
-2.6,-45.0,-2.5797932147979736,150.0031570261289,150.00014007091522,0.0
-2.6,-40.0,-2.5797834396362305,149.99865566088346,149.99563992023468,0.0
-2.6,-35.0,-2.5797929763793945,150.0031570261289,150.00014007091522,0.0
-2.6,-30.0,-2.5797767639160156,149.99842593241357,149.99541640281677,0.0
-2.6,-25.0,-2.579774856567383,150.00316944350138,150.00015497207642,0.0
-2.6,-20.0,-2.5797650814056396,149.9982334569382,149.99522268772125,0.0
-2.6,-15.0,-2.5797643661499023,150.00313840006825,150.00012516975403,0.0
-2.6,-10.0,-2.579761266708374,149.9980099367214,149.99499917030334,0.0
-2.6,-5.0,-2.579758644104004,150.0032129042969,150.00019967556,0.0
-2.6,0.0,-2.5797648429870605,149.99782987852672,149.99482035636902,0.0
-2.6,5.0,-2.579758644104004,150.00325636507986,150.00024437904358,0.0
-2.6,10.0,-2.579759120941162,149.99786092305845,149.9948501586914,0.0
-2.6,15.0,-2.579760789871216,150.0032129042969,150.00019967556,0.0
-2.6,20.0,-2.5797600746154785,149.99802235451995,149.99501407146454,0.0
-2.6,25.0,-2.5797677040100098,150.00328740848855,150.00027418136597,0.0
-2.6,30.0,-2.579768419265747,149.9981899946999,149.99517798423767,0.0
-2.6,35.0,-2.5797832012176514,150.00339295602998,150.00037848949432,0.0
-2.6,40.0,-2.579772472381592,149.99840109688225,149.99538660049438,0.0
-2.6,45.0,-2.5797815322875977,150.00339295602998,150.00037848949432,0.0
-2.6,50.0,-2.579758644104004,149.99825208360792,149.99523758888245,0.0
-1.8,-50.0,-1.779787302017212,149.99810927908112,149.99401569366455,0.0
-1.8,-45.0,-1.7798101902008057,150.00020166224593,149.9961018562317,0.0
-1.8,-40.0,-1.779800534248352,149.9980161456208,149.9939262866974,0.0
-1.8,-35.0,-1.7798101902008057,150.00025754151488,149.99616146087646,0.0
-1.8,-30.0,-1.7797939777374268,149.99812169687144,149.99403059482574,0.0
-1.8,-25.0,-1.7797925472259521,150.00038792639478,149.9962955713272,0.0
-1.8,-20.0,-1.779782772064209,149.9981837858077,149.99409019947052,0.0
-1.8,-15.0,-1.7797818183898926,150.0005928166914,149.99650418758392,0.0
-1.8,-10.0,-1.7797785997390747,149.99825208360792,149.9941647052765,0.0
-1.8,-5.0,-1.779775619506836,150.00069215734052,149.99660849571228,0.0
-1.8,0.0,-1.7797819375991821,149.99829554582823,149.99420940876007,0.0
-1.8,5.0,-1.779775619506836,150.0007232012799,149.99663829803467,0.0
-1.8,10.0,-1.7797763347625732,149.99825208360792,149.9941647052765,0.0
-1.8,15.0,-1.7797781229019165,150.00076045399862,149.99666810035706,0.0
-1.8,20.0,-1.7797775268554688,149.99810927908112,149.99401569366455,0.0
-1.8,25.0,-1.77978515625,150.00064248702418,149.9965488910675,0.0
-1.8,30.0,-1.7797858715057373,149.99796026551687,149.9938666820526,0.0
-1.8,35.0,-1.7798004150390625,150.00043138799623,149.9963402748108,0.0
-1.8,40.0,-1.779789686203003,149.9978112518046,149.99371767044067,0.0
-1.8,45.0,-1.7797986268997192,150.0004251791968,149.9963253736496,0.0
-1.8,50.0,-1.779775619506836,149.99794784771316,149.99385178089142,0.0
-1.0,-50.0,-0.9798097610473633,150.000313420763,149.99565482139587,0.0
-1.0,-45.0,-0.9798327684402466,150.00148067140933,149.996817111969,0.0
-1.0,-40.0,-0.979823112487793,150.0003692999903,149.99571442604065,0.0
-1.0,-35.0,-0.9798327684402466,150.00141858383773,149.99675750732422,0.0
-1.0,-30.0,-0.9798169136047363,150.00022028867122,149.9955654144287,0.0
-1.0,-25.0,-0.9798154830932617,150.00133786995622,149.99668300151825,0.0
-1.0,-20.0,-0.9798057079315186,150.00006506838974,149.99541640281677,0.0
-1.0,-15.0,-0.979804515838623,150.0012261122024,149.9965786933899,0.0
-1.0,-10.0,-0.97980135679245,149.99990363912667,149.99525249004364,0.0
-1.0,-5.0,-0.9797981977462769,150.0011826508312,149.9965339899063,0.0
-1.0,0.0,-0.9798045754432678,149.9997794626522,149.9951332807541,0.0
-1.0,5.0,-0.9797981977462769,150.00124473850047,149.9965935945511,0.0
-1.0,10.0,-0.9797989726066589,149.99976704499912,149.9951183795929,0.0
-1.0,15.0,-0.9798009991645813,150.00129440861738,149.99663829803467,0.0
-1.0,20.0,-0.9798006415367126,149.99988501266205,149.99523758888245,0.0
-1.0,25.0,-0.9798082113265991,150.00139995756123,149.99674260616302,0.0
-1.0,30.0,-0.9798088073730469,150.00002781549833,149.9953716993332,0.0
-1.0,35.0,-0.9798230528831482,150.00162968147637,149.99696612358093,0.0
-1.0,40.0,-0.9798122644424438,150.000195453437,149.99553561210632,0.0
-1.0,45.0,-0.9798210859298706,150.00162968147637,149.99696612358093,0.0
-1.0,50.0,-0.9797980785369873,150.0000961124589,149.99543130397797,0.0
0.0,-50.0,0.020159710198640823,149.99863082539017,149.99380707740784,0.0
0.0,-45.0,0.020136650651693344,149.99958698891368,149.99476075172424,0.0
0.0,-40.0,0.02014636993408203,149.99859978101776,149.99377727508545,0.0
0.0,-35.0,0.020136646926403046,149.99961182424863,149.99479055404663,0.0
0.0,-30.0,0.020152654498815536,149.99871154072835,149.993896484375,0.0
0.0,-25.0,0.020154058933258057,149.999754627345,149.99493956565857,0.0
0.0,-20.0,0.02016396075487137,149.9988295092214,149.99401569366455,0.0
0.0,-15.0,0.02016517147421837,149.9999346832292,149.9951183795929,0.0
0.0,-10.0,0.02016860619187355,149.9989164333148,149.9941051006317,0.0
0.0,-5.0,0.020171742886304855,150.0000464419452,149.99523758888245,0.0
0.0,0.0,0.020165517926216125,149.99897852192208,149.9941647052765,0.0
0.0,5.0,0.020171768963336945,150.00006506838974,149.99525249004364,0.0
0.0,10.0,0.02017104998230934,149.99890401559023,149.99409019947052,0.0
0.0,15.0,0.02016882598400116,150.00006506838974,149.99525249004364,0.0
0.0,20.0,0.02016913704574108,149.9987674205524,149.99395608901978,0.0
0.0,25.0,0.02016141638159752,149.99999677141503,149.99517798423767,0.0
0.0,30.0,0.020160850137472153,149.99857494551523,149.99376237392426,0.0
0.0,35.0,0.020146597176790237,149.99979188030426,149.99496936798096,0.0
0.0,40.0,0.020157452672719955,149.99841972353116,149.99359846115112,0.0
0.0,45.0,0.02014847844839096,149.99979188030426,149.99496936798096,0.0
0.0,50.0,0.020171605050563812,149.99850664786203,149.9936878681183,0.0
