x_mm,z_mm,initial_top_y_mm,u2_mm,full_thickness_mm,full_thickness_um
0.0,0.0,0.0825,-0.011640549,0.14171890914440155,141.71890914440155
0.5,0.0,0.0825,-0.011640549,0.14171890914440155,141.71890914440155
1.0,0.0,0.0825,-0.011640558,0.14171889424324036,141.71889424324036
1.5,0.0,0.0825,-0.011640567,0.14171886444091797,141.71886444091797
2.0,0.0,0.0825,-0.011640587,0.14171883463859558,141.71883463859558
2.5,0.0,0.0825,-0.0116406055,0.141718789935112,141.718789935112
3.0,0.0,0.0825,-0.011640634,0.14171874523162842,141.71874523162842
3.5,0.0,0.0825,-0.011640663,0.14171868562698364,141.71868562698364
4.0,0.0,0.0825,-0.011640691,0.14171862602233887,141.71862602233887
4.5,0.0,0.0825,-0.011640729,0.1417185515165329,141.7185515165329
5.0,0.0,0.0825,-0.011640777,0.14171844720840454,141.71844720840454
5.5,0.0,0.0825,-0.011640825,0.14171835780143738,141.71835780143738
6.0,0.0,0.0825,-0.011640873,0.14171826839447021,141.71826839447021
6.5,0.0,0.0825,-0.01164093,0.14171814918518066,141.71814918518066
7.0,0.0,0.0825,-0.011640986,0.1417180299758911,141.7180299758911
7.5,0.0,0.0825,-0.0116410535,0.14171789586544037,141.71789586544037
8.0,0.0,0.0825,-0.01164113,0.14171774685382843,141.71774685382843
8.5,0.0,0.0825,-0.011641196,0.14171761274337769,141.71761274337769
9.0,0.0,0.0825,-0.011641282,0.14171744883060455,141.71744883060455
9.5,0.0,0.0825,-0.011641358,0.14171728491783142,141.71728491783142
10.0,0.0,0.0825,-0.011641453,0.1417171061038971,141.7171061038971
10.5,0.0,0.0825,-0.01164154,0.14171692728996277,141.71692728996277
11.0,0.0,0.0825,-0.011641644,0.14171671867370605,141.71671867370605
11.5,0.0,0.0825,-0.011641739,0.14171652495861053,141.71652495861053
12.0,0.0,0.0825,-0.011641844,0.14171631634235382,141.71631634235382
12.5,0.0,0.0825,-0.011641958,0.1417160928249359,141.7160928249359
13.0,0.0,0.0825,-0.011642072,0.1417158544063568,141.7158544063568
13.5,0.0,0.0825,-0.011642196,0.1417156159877777,141.7156159877777
14.0,0.0,0.0825,-0.01164232,0.14171536266803741,141.71536266803741
14.5,0.0,0.0825,-0.011642444,0.1417151242494583,141.7151242494583
15.0,0.0,0.0825,-0.011642577,0.14171485602855682,141.71485602855682
15.5,0.0,0.0825,-0.01164271,0.14171458780765533,141.71458780765533
16.0,0.0,0.0825,-0.011642854,0.14171430468559265,141.71430468559265
16.5,0.0,0.0825,-0.011643006,0.14171399176120758,141.71399176120758
17.0,0.0,0.0825,-0.011643158,0.1417136937379837,141.7136937379837
17.5,0.0,0.0825,-0.01164331,0.14171338081359863,141.71338081359863
18.0,0.0,0.0825,-0.011643473,0.14171305298805237,141.71305298805237
18.5,0.0,0.0825,-0.011643634,0.1417127400636673,141.7127400636673
19.0,0.0,0.0825,-0.011643806,0.14171239733695984,141.71239733695984
19.5,0.0,0.0825,-0.011643977,0.14171205461025238,141.71205461025238
20.0,0.0,0.0825,-0.0116441585,0.14171168208122253,141.71168208122253
20.5,0.0,0.0825,-0.011644339,0.14171132445335388,141.71132445335388
21.0,0.0,0.0825,-0.01164453,0.14171095192432404,141.71095192432404
21.5,0.0,0.0825,-0.01164472,0.141710564494133,141.710564494133
22.0,0.0,0.0825,-0.01164491,0.14171019196510315,141.71019196510315
22.5,0.0,0.0825,-0.01164511,0.14170978963375092,141.70978963375092
23.0,0.0,0.0825,-0.01164532,0.1417093724012375,141.7093724012375
23.5,0.0,0.0825,-0.011645529,0.14170894026756287,141.70894026756287
24.0,0.0,0.0825,-0.011645739,0.14170852303504944,141.70852303504944
24.5,0.0,0.0825,-0.011645958,0.14170809090137482,141.70809090137482
25.0,0.0,0.0825,-0.011646187,0.1417076289653778,141.7076289653778
25.5,0.0,0.0825,-0.011646416,0.141707181930542,141.707181930542
26.0,0.0,0.0825,-0.011646644,0.14170671999454498,141.70671999454498
26.5,0.0,0.0825,-0.011646883,0.14170624315738678,141.70624315738678
27.0,0.0,0.0825,-0.01164712,0.14170576632022858,141.70576632022858
27.5,0.0,0.0825,-0.011647368,0.14170527458190918,141.70527458190918
28.0,0.0,0.0825,-0.011647616,0.1417047679424286,141.7047679424286
28.5,0.0,0.0825,-0.011647873,0.141704261302948,141.704261302948
29.0,0.0,0.0825,-0.01164813,0.1417037546634674,141.7037546634674
29.5,0.0,0.0825,-0.011648396,0.14170321822166443,141.70321822166443
30.0,0.0,0.0825,-0.011648663,0.14170268177986145,141.70268177986145
30.5,0.0,0.0825,-0.011648939,0.14170213043689728,141.70213043689728
31.0,0.0,0.0825,-0.011649216,0.1417015790939331,141.7015790939331
31.5,0.0,0.0825,-0.011649491,0.14170102775096893,141.70102775096893
32.0,0.0,0.0825,-0.011649777,0.14170044660568237,141.70044660568237
32.5,0.0,0.0825,-0.011650072,0.1416998654603958,141.6998654603958
33.0,0.0,0.0825,-0.011650368,0.14169926941394806,141.69926941394806
33.5,0.0,0.0825,-0.011650663,0.1416986882686615,141.6986882686615
34.0,0.0,0.0825,-0.011650968,0.14169806241989136,141.69806241989136
34.5,0.0,0.0825,-0.011651282,0.14169743657112122,141.69743657112122
35.0,0.0,0.0825,-0.011651597,0.14169681072235107,141.69681072235107
35.5,0.0,0.0825,-0.011651911,0.14169618487358093,141.69618487358093
36.0,0.0,0.0825,-0.011652234,0.1416955441236496,141.6955441236496
36.5,0.0,0.0825,-0.011652559,0.14169488847255707,141.69488847255707
37.0,0.0,0.0825,-0.0116528915,0.14169421792030334,141.69421792030334
37.5,0.0,0.0825,-0.011653226,0.14169356226921082,141.69356226921082
38.0,0.0,0.0825,-0.011653568,0.1416928768157959,141.6928768157959
38.5,0.0,0.0825,-0.011653911,0.14169219136238098,141.69219136238098
39.0,0.0,0.0825,-0.011654263,0.14169147610664368,141.69147610664368
39.5,0.0,0.0825,-0.011654615,0.14169077575206757,141.69077575206757
40.0,0.0,0.0825,-0.011654978,0.14169004559516907,141.69004559516907
40.5,0.0,0.0825,-0.011655339,0.14168933033943176,141.68933033943176
41.0,0.0,0.0825,-0.011655701,0.14168860018253326,141.68860018253326
41.5,0.0,0.0825,-0.011656082,0.14168784022331238,141.68784022331238
42.0,0.0,0.0825,-0.011656454,0.14168709516525269,141.68709516525269
42.5,0.0,0.0825,-0.011656835,0.1416863352060318,141.6863352060318
43.0,0.0,0.0825,-0.011657226,0.14168556034564972,141.68556034564972
43.5,0.0,0.0825,-0.011657606,0.14168480038642883,141.68480038642883
44.0,0.0,0.0825,-0.011658006,0.14168399572372437,141.68399572372437
44.5,0.0,0.0825,-0.011658406,0.1416831910610199,141.6831910610199
45.0,0.0,0.0825,-0.011658806,0.14168238639831543,141.68238639831543
45.5,0.0,0.0825,-0.011659215,0.14168158173561096,141.68158173561096
46.0,0.0,0.0825,-0.011659626,0.1416807472705841,141.6807472705841
46.5,0.0,0.0825,-0.011660044,0.14167991280555725,141.67991280555725
47.0,0.0,0.0825,-0.011660464,0.1416790783405304,141.6790783405304
47.5,0.0,0.0825,-0.011660892,0.14167822897434235,141.67822897434235
48.0,0.0,0.0825,-0.011661321,0.1416773647069931,141.6773647069931
48.5,0.0,0.0825,-0.011661759,0.14167648553848267,141.67648553848267
49.0,0.0,0.0825,-0.011662197,0.14167560636997223,141.67560636997223
49.5,0.0,0.0825,-0.011662644,0.1416747123003006,141.6747123003006
50.0,0.0,0.0825,-0.011663092,0.14167381823062897,141.67381823062897
50.5,0.0,0.0825,-0.011663539,0.14167292416095734,141.67292416095734
51.0,0.0,0.0825,-0.011663997,0.1416720151901245,141.6720151901245
51.5,0.0,0.0825,-0.011664463,0.1416710764169693,141.6710764169693
52.0,0.0,0.0825,-0.011664931,0.1416701376438141,141.6701376438141
52.5,0.0,0.0825,-0.011665396,0.14166921377182007,141.66921377182007
53.0,0.0,0.0825,-0.011665873,0.14166826009750366,141.66826009750366
53.5,0.0,0.0825,-0.011666358,0.14166729152202606,141.66729152202606
54.0,0.0,0.0825,-0.011666845,0.14166632294654846,141.66632294654846
54.5,0.0,0.0825,-0.011667331,0.14166533946990967,141.66533946990967
55.0,0.0,0.0825,-0.011667826,0.14166435599327087,141.66435599327087
55.5,0.0,0.0825,-0.011668321,0.14166337251663208,141.66337251663208
56.0,0.0,0.0825,-0.0116688255,0.1416623592376709,141.6623592376709
56.5,0.0,0.0825,-0.01166933,0.14166134595870972,141.66134595870972
57.0,0.0,0.0825,-0.011669845,0.14166031777858734,141.66031777858734
57.5,0.0,0.0825,-0.0116703585,0.14165928959846497,141.65928959846497
58.0,0.0,0.0825,-0.011670884,0.1416582465171814,141.6582465171814
58.5,0.0,0.0825,-0.011671406,0.14165718853473663,141.65718853473663
59.0,0.0,0.0825,-0.011671941,0.14165613055229187,141.65613055229187
59.5,0.0,0.0825,-0.0116724735,0.1416550576686859,141.6550576686859
60.0,0.0,0.0825,-0.011673007,0.14165398478507996,141.65398478507996
60.5,0.0,0.0825,-0.011673549,0.141652911901474,141.652911901474
61.0,0.0,0.0825,-0.011674102,0.14165180921554565,141.65180921554565
61.5,0.0,0.0825,-0.011674654,0.1416507065296173,141.6507065296173
62.0,0.0,0.0825,-0.011675207,0.14164958894252777,141.64958894252777
62.5,0.0,0.0825,-0.0116757685,0.14164847135543823,141.64847135543823
63.0,0.0,0.0825,-0.01167634,0.1416473239660263,141.6473239660263
63.5,0.0,0.0825,-0.011676911,0.14164617657661438,141.64617657661438
64.0,0.0,0.0825,-0.011677483,0.14164504408836365,141.64504408836365
64.5,0.0,0.0825,-0.011678064,0.14164388179779053,141.64388179779053
65.0,0.0,0.0825,-0.011678645,0.1416427195072174,141.6427195072174
65.5,0.0,0.0825,-0.011679236,0.1416415274143219,141.6415274143219
66.0,0.0,0.0825,-0.011679826,0.14164035022258759,141.64035022258759
66.5,0.0,0.0825,-0.011680426,0.14163915812969208,141.63915812969208
67.0,0.0,0.0825,-0.011681027,0.14163795113563538,141.63795113563538
67.5,0.0,0.0825,-0.011681636,0.14163672924041748,141.63672924041748
68.0,0.0,0.0825,-0.011682246,0.14163550734519958,141.63550734519958
68.5,0.0,0.0825,-0.011682855,0.14163430035114288,141.63430035114288
69.0,0.0,0.0825,-0.011683474,0.1416330635547638,141.6330635547638
69.5,0.0,0.0825,-0.011684103,0.14163179695606232,141.63179695606232
70.0,0.0,0.0825,-0.011684732,0.14163054525852203,141.63054525852203
70.5,0.0,0.0825,-0.01168537,0.14162926375865936,141.62926375865936
71.0,0.0,0.0825,-0.011686008,0.14162799715995789,141.62799715995789
71.5,0.0,0.0825,-0.011686646,0.14162671566009521,141.62671566009521
72.0,0.0,0.0825,-0.011687295,0.14162541925907135,141.62541925907135
72.5,0.0,0.0825,-0.011687942,0.14162412285804749,141.62412285804749
73.0,0.0,0.0825,-0.011688599,0.14162281155586243,141.62281155586243
73.5,0.0,0.0825,-0.011689266,0.14162147045135498,141.62147045135498
74.0,0.0,0.0825,-0.011689924,0.14162015914916992,141.62015914916992
74.5,0.0,0.0825,-0.0116906,0.14161880314350128,141.61880314350128
75.0,0.0,0.0825,-0.011691267,0.14161747694015503,141.61747694015503
75.5,0.0,0.0825,-0.011691953,0.1416161060333252,141.6161060333252
76.0,0.0,0.0825,-0.011692628,0.14161475002765656,141.61475002765656
76.5,0.0,0.0825,-0.011693325,0.14161336421966553,141.61336421966553
77.0,0.0,0.0825,-0.0116940085,0.1416119933128357,141.6119933128357
77.5,0.0,0.0825,-0.011694707,0.14161059260368347,141.61059260368347
78.0,0.0,0.0825,-0.011695408,0.14160919189453125,141.60919189453125
78.5,0.0,0.0825,-0.011696117,0.14160777628421783,141.60777628421783
79.0,0.0,0.0825,-0.011696827,0.14160636067390442,141.60636067390442
79.5,0.0,0.0825,-0.0116975475,0.14160491526126862,141.60491526126862
80.0,0.0,0.0825,-0.011698253,0.1416034996509552,141.6034996509552
80.5,0.0,0.0825,-0.011698986,0.1416020393371582,141.6020393371582
81.0,0.0,0.0825,-0.011699707,0.1416005939245224,141.6005939245224
81.5,0.0,0.0825,-0.011700455,0.14159908890724182,141.59908890724182
82.0,0.0,0.0825,-0.011701168,0.1415976732969284,141.5976732969284
82.5,0.0,0.0825,-0.011701932,0.14159613847732544,141.59613847732544
83.0,0.0,0.0825,-0.011702642,0.14159472286701202,141.59472286701202
83.5,0.0,0.0825,-0.011703422,0.14159315824508667,141.59315824508667
84.0,0.0,0.0825,-0.011704123,0.14159175753593445,141.59175753593445
84.5,0.0,0.0825,-0.011704919,0.1415901631116867,141.5901631116867
85.0,0.0,0.0825,-0.011705614,0.14158877730369568,141.58877730369568
85.5,0.0,0.0825,-0.011706408,0.14158719778060913,141.58719778060913
86.0,0.0,0.0825,-0.011707112,0.14158578217029572,141.58578217029572
86.5,0.0,0.0825,-0.011707927,0.14158415794372559,141.5841579437256
87.0,0.0,0.0825,-0.011708656,0.1415826976299286,141.5826976299286
87.5,0.0,0.0825,-0.011709475,0.14158105850219727,141.58105850219727
88.0,0.0,0.0825,-0.011710232,0.1415795385837555,141.5795385837555
88.5,0.0,0.0825,-0.011711044,0.14157791435718536,141.57791435718536
89.0,0.0,0.0825,-0.011711824,0.1415763646364212,141.5763646364212
89.5,0.0,0.0825,-0.011712648,0.1415747106075287,141.5747106075287
90.0,0.0,0.0825,-0.011713444,0.14157311618328094,141.57311618328094
90.5,0.0,0.0825,-0.011714264,0.14157147705554962,141.57147705554962
91.0,0.0,0.0825,-0.011715075,0.1415698528289795,141.5698528289795
91.5,0.0,0.0825,-0.0117159,0.14156821370124817,141.56821370124817
92.0,0.0,0.0825,-0.011716723,0.14156655967235565,141.56655967235565
92.5,0.0,0.0825,-0.011717565,0.14156487584114075,141.56487584114075
93.0,0.0,0.0825,-0.011718391,0.14156322181224823,141.56322181224823
93.5,0.0,0.0825,-0.011719241,0.14156152307987213,141.56152307987213
94.0,0.0,0.0825,-0.011720078,0.14155985414981842,141.55985414981842
94.5,0.0,0.0825,-0.011720936,0.14155814051628113,141.55814051628113
95.0,0.0,0.0825,-0.011721783,0.14155644178390503,141.55644178390503
95.5,0.0,0.0825,-0.01172265,0.14155471324920654,141.55471324920654
96.0,0.0,0.0825,-0.011723507,0.14155298471450806,141.55298471450806
96.5,0.0,0.0825,-0.011724374,0.14155125617980957,141.55125617980957
97.0,0.0,0.0825,-0.011725251,0.1415494978427887,141.5494978427887
97.5,0.0,0.0825,-0.011726127,0.14154775440692902,141.54775440692902
98.0,0.0,0.0825,-0.011727014,0.14154598116874695,141.54598116874695
98.5,0.0,0.0825,-0.011727899,0.14154420793056488,141.54420793056488
99.0,0.0,0.0825,-0.011728785,0.1415424346923828,141.5424346923828
99.5,0.0,0.0825,-0.01172968,0.14154064655303955,141.54064655303955
100.0,0.0,0.0825,-0.011730576,0.1415388584136963,141.5388584136963
100.5,0.0,0.0825,-0.01173148,0.14153704047203064,141.53704047203064
101.0,0.0,0.0825,-0.011732396,0.141535222530365,141.535222530365
101.5,0.0,0.0825,-0.011733309,0.14153338968753815,141.53338968753815
102.0,0.0,0.0825,-0.011734224,0.1415315568447113,141.5315568447113
102.5,0.0,0.0825,-0.011735148,0.14152970910072327,141.52970910072327
103.0,0.0,0.0825,-0.011736073,0.14152786135673523,141.52786135673523
103.5,0.0,0.0825,-0.011737006,0.141525998711586,141.525998711586
104.0,0.0,0.0825,-0.011737939,0.14152413606643677,141.52413606643677
104.5,0.0,0.0825,-0.011738882,0.14152224361896515,141.52224361896515
105.0,0.0,0.0825,-0.011739826,0.14152035117149353,141.52035117149353
105.5,0.0,0.0825,-0.011740778,0.14151844382286072,141.51844382286072
106.0,0.0,0.0825,-0.011741731,0.1415165364742279,141.5165364742279
106.5,0.0,0.0825,-0.011742682,0.1415146440267563,141.5146440267563
107.0,0.0,0.0825,-0.011743645,0.14151272177696228,141.51272177696228
107.5,0.0,0.0825,-0.011744617,0.1415107697248459,141.5107697248459
108.0,0.0,0.0825,-0.011745589,0.14150883257389069,141.5088325738907
108.5,0.0,0.0825,-0.011746559,0.1415068805217743,141.5068805217743
109.0,0.0,0.0825,-0.011747541,0.1415049284696579,141.5049284696579
109.5,0.0,0.0825,-0.011748531,0.14150294661521912,141.50294661521912
110.0,0.0,0.0825,-0.011749523,0.14150096476078033,141.50096476078033
110.5,0.0,0.0825,-0.011750513,0.14149898290634155,141.49898290634155
111.0,0.0,0.0825,-0.011751514,0.14149698615074158,141.49698615074158
111.5,0.0,0.0825,-0.011752513,0.1414949744939804,141.4949744939804
112.0,0.0,0.0825,-0.011753524,0.14149296283721924,141.49296283721924
112.5,0.0,0.0825,-0.011754532,0.14149093627929688,141.49093627929688
113.0,0.0,0.0825,-0.011755552,0.1414889097213745,141.4889097213745
113.5,0.0,0.0825,-0.011756571,0.14148686826229095,141.48686826229095
114.0,0.0,0.0825,-0.0117576,0.1414848119020462,141.4848119020462
114.5,0.0,0.0825,-0.011758628,0.14148275554180145,141.48275554180145
115.0,0.0,0.0825,-0.011759668,0.14148066937923431,141.4806693792343
115.5,0.0,0.0825,-0.011760705,0.14147859811782837,141.47859811782837
116.0,0.0,0.0825,-0.011761744,0.14147651195526123,141.47651195526123
116.5,0.0,0.0825,-0.011762791,0.1414744257926941,141.4744257926941
117.0,0.0,0.0825,-0.011763848,0.14147230982780457,141.47230982780457
117.5,0.0,0.0825,-0.011764905,0.14147019386291504,141.47019386291504
118.0,0.0,0.0825,-0.011765963,0.1414680778980255,141.4680778980255
118.5,0.0,0.0825,-0.01176703,0.1414659470319748,141.4659470319748
119.0,0.0,0.0825,-0.011768106,0.14146378636360168,141.46378636360168
119.5,0.0,0.0825,-0.011769183,0.14146164059638977,141.46164059638977
120.0,0.0,0.0825,-0.01177026,0.14145949482917786,141.45949482917786
120.5,0.0,0.0825,-0.011771345,0.14145731925964355,141.45731925964355
121.0,0.0,0.0825,-0.011772431,0.14145514369010925,141.45514369010925
121.5,0.0,0.0825,-0.011773526,0.14145295321941376,141.45295321941376
122.0,0.0,0.0825,-0.011774623,0.14145076274871826,141.45076274871826
122.5,0.0,0.0825,-0.011775726,0.14144855737686157,141.44855737686157
123.0,0.0,0.0825,-0.011776832,0.1414463371038437,141.4463371038437
123.5,0.0,0.0825,-0.011777946,0.1414441168308258,141.4441168308258
124.0,0.0,0.0825,-0.0117790615,0.14144188165664673,141.44188165664673
124.5,0.0,0.0825,-0.011780185,0.14143963158130646,141.43963158130646
125.0,0.0,0.0825,-0.011781309,0.1414373815059662,141.4373815059662
125.5,0.0,0.0825,-0.011782433,0.1414351463317871,141.4351463317871
126.0,0.0,0.0825,-0.011783576,0.14143285155296326,141.43285155296326
126.5,0.0,0.0825,-0.011784709,0.1414305865764618,141.4305865764618
127.0,0.0,0.0825,-0.011785853,0.14142830669879913,141.42830669879913
127.5,0.0,0.0825,-0.011787005,0.1414259970188141,141.4259970188141
128.0,0.0,0.0825,-0.011788148,0.14142370223999023,141.42370223999023
128.5,0.0,0.0825,-0.01178931,0.1414213925600052,141.4213925600052
129.0,0.0,0.0825,-0.011790472,0.14141906797885895,141.41906797885895
129.5,0.0,0.0825,-0.011791634,0.1414167433977127,141.4167433977127
130.0,0.0,0.0825,-0.011792806,0.14141438901424408,141.41438901424408
130.5,0.0,0.0825,-0.011793978,0.14141204953193665,141.41204953193665
131.0,0.0,0.0825,-0.0117951585,0.14140969514846802,141.40969514846802
131.5,0.0,0.0825,-0.01179634,0.1414073258638382,141.4073258638382
132.0,0.0,0.0825,-0.011797531,0.14140494167804718,141.40494167804718
132.5,0.0,0.0825,-0.011798722,0.14140255749225616,141.40255749225616
133.0,0.0,0.0825,-0.011799921,0.14140015840530396,141.40015840530396
133.5,0.0,0.0825,-0.011801122,0.14139775931835175,141.39775931835175
134.0,0.0,0.0825,-0.011802332,0.14139534533023834,141.39534533023834
134.5,0.0,0.0825,-0.011803541,0.14139291644096375,141.39291644096375
135.0,0.0,0.0825,-0.011804751,0.14139050245285034,141.39050245285034
135.5,0.0,0.0825,-0.01180597,0.14138805866241455,141.38805866241455
136.0,0.0,0.0825,-0.011807199,0.14138561487197876,141.38561487197876
136.5,0.0,0.0825,-0.011808428,0.14138315618038177,141.38315618038177
137.0,0.0,0.0825,-0.011809656,0.1413806974887848,141.3806974887848
137.5,0.0,0.0825,-0.011810895,0.1413782238960266,141.3782238960266
138.0,0.0,0.0825,-0.011812143,0.14137572050094604,141.37572050094604
138.5,0.0,0.0825,-0.01181339,0.14137323200702667,141.37323200702667
139.0,0.0,0.0825,-0.011814638,0.1413707286119461,141.3707286119461
139.5,0.0,0.0825,-0.011815895,0.14136821031570435,141.36821031570435
140.0,0.0,0.0825,-0.011817153,0.14136570692062378,141.36570692062378
140.5,0.0,0.0825,-0.01181842,0.14136317372322083,141.36317372322083
141.0,0.0,0.0825,-0.011819687,0.14136064052581787,141.36064052581787
141.5,0.0,0.0825,-0.011820964,0.14135807752609253,141.35807752609253
142.0,0.0,0.0825,-0.0118222395,0.14135552942752838,141.35552942752838
142.5,0.0,0.0825,-0.011823526,0.14135295152664185,141.35295152664185
143.0,0.0,0.0825,-0.011824811,0.1413503885269165,141.3503885269165
143.5,0.0,0.0825,-0.011826107,0.14134779572486877,141.34779572486877
144.0,0.0,0.0825,-0.011827402,0.14134520292282104,141.34520292282104
144.5,0.0,0.0825,-0.011828697,0.14134261012077332,141.34261012077332
145.0,0.0,0.0825,-0.011830002,0.1413400024175644,141.3400024175644
145.5,0.0,0.0825,-0.011831317,0.14133736491203308,141.33736491203308
146.0,0.0,0.0825,-0.011832631,0.14133474230766296,141.33474230766296
146.5,0.0,0.0825,-0.011833946,0.14133211970329285,141.33211970329285
147.0,0.0,0.0825,-0.01183527,0.14132946729660034,141.32946729660034
147.5,0.0,0.0825,-0.011836604,0.14132679998874664,141.32679998874664
148.0,0.0,0.0825,-0.011837937,0.14132413268089294,141.32413268089294
148.5,0.0,0.0825,-0.011839271,0.14132146537303925,141.32146537303925
149.0,0.0,0.0825,-0.011840614,0.14131878316402435,141.31878316402435
149.5,0.0,0.0825,-0.0118419565,0.14131608605384827,141.31608605384827
150.0,0.0,0.0825,-0.01184331,0.14131338894367218,141.31338894367218
150.5,0.0,0.0825,-0.011844662,0.1413106769323349,141.3106769323349
151.0,0.0,0.0825,-0.011846025,0.14130795001983643,141.30795001983643
151.5,0.0,0.0825,-0.011847386,0.14130523800849915,141.30523800849915
152.0,0.0,0.0825,-0.011848758,0.14130249619483948,141.30249619483948
152.5,0.0,0.0825,-0.01185013,0.1412997543811798,141.2997543811798
153.0,0.0,0.0825,-0.011851502,0.14129699766635895,141.29699766635895
153.5,0.0,0.0825,-0.011852883,0.14129424095153809,141.2942409515381
154.0,0.0,0.0825,-0.011854273,0.14129145443439484,141.29145443439484
154.5,0.0,0.0825,-0.011855664,0.14128868281841278,141.28868281841278
155.0,0.0,0.0825,-0.011857064,0.14128588140010834,141.28588140010834
155.5,0.0,0.0825,-0.011858464,0.1412830799818039,141.2830799818039
156.0,0.0,0.0825,-0.011859865,0.14128027856349945,141.28027856349945
156.5,0.0,0.0825,-0.011861275,0.1412774622440338,141.2774622440338
157.0,0.0,0.0825,-0.011862684,0.14127463102340698,141.27463102340698
157.5,0.0,0.0825,-0.011864103,0.14127179980278015,141.27179980278015
158.0,0.0,0.0825,-0.011865532,0.14126893877983093,141.26893877983093
158.5,0.0,0.0825,-0.011866952,0.1412661075592041,141.2661075592041
159.0,0.0,0.0825,-0.011868389,0.1412632316350937,141.2632316350937
159.5,0.0,0.0825,-0.011869819,0.14126037061214447,141.26037061214447
160.0,0.0,0.0825,-0.011871266,0.14125747978687286,141.25747978687286
160.5,0.0,0.0825,-0.011872705,0.14125460386276245,141.25460386276245
161.0,0.0,0.0825,-0.011874163,0.14125168323516846,141.25168323516846
161.5,0.0,0.0825,-0.011875611,0.14124879240989685,141.24879240989685
162.0,0.0,0.0825,-0.011877067,0.14124587178230286,141.24587178230286
162.5,0.0,0.0825,-0.011878535,0.14124293625354767,141.24293625354767
163.0,0.0,0.0825,-0.011880002,0.14124000072479248,141.24000072479248
163.5,0.0,0.0825,-0.011881479,0.1412370502948761,141.2370502948761
164.0,0.0,0.0825,-0.011882954,0.14123409986495972,141.23409986495972
164.5,0.0,0.0825,-0.011884431,0.14123114943504333,141.23114943504333
165.0,0.0,0.0825,-0.011885917,0.14122816920280457,141.22816920280457
165.5,0.0,0.0825,-0.011887413,0.1412251740694046,141.2251740694046
166.0,0.0,0.0825,-0.011888908,0.14122219383716583,141.22219383716583
166.5,0.0,0.0825,-0.011890404,0.14121919870376587,141.21919870376587
167.0,0.0,0.0825,-0.011891909,0.1412161886692047,141.2161886692047
167.5,0.0,0.0825,-0.011893414,0.14121317863464355,141.21317863464355
168.0,0.0,0.0825,-0.011894928,0.1412101536989212,141.2101536989212
168.5,0.0,0.0825,-0.011896443,0.14120712876319885,141.20712876319885
169.0,0.0,0.0825,-0.011897967,0.1412040740251541,141.2040740251541
169.5,0.0,0.0825,-0.011899491,0.14120101928710938,141.20101928710938
170.0,0.0,0.0825,-0.011901025,0.14119794964790344,141.19794964790344
170.5,0.0,0.0825,-0.011902559,0.1411948949098587,141.1948949098587
171.0,0.0,0.0825,-0.011904101,0.14119181036949158,141.19181036949158
171.5,0.0,0.0825,-0.011905645,0.14118871092796326,141.18871092796326
172.0,0.0,0.0825,-0.011907197,0.14118561148643494,141.18561148643494
172.5,0.0,0.0825,-0.01190875,0.14118251204490662,141.18251204490662
173.0,0.0,0.0825,-0.011910303,0.1411793977022171,141.1793977022171
173.5,0.0,0.0825,-0.011911865,0.1411762833595276,141.1762833595276
174.0,0.0,0.0825,-0.011913436,0.14117313921451569,141.1731392145157
174.5,0.0,0.0825,-0.011915009,0.14116999506950378,141.16999506950378
175.0,0.0,0.0825,-0.01191658,0.14116685092449188,141.16685092449188
175.5,0.0,0.0825,-0.011918161,0.1411636769771576,141.1636769771576
176.0,0.0,0.0825,-0.0119197415,0.1411605179309845,141.1605179309845
176.5,0.0,0.0825,-0.011921333,0.1411573439836502,141.1573439836502
177.0,0.0,0.0825,-0.011922933,0.14115414023399353,141.15414023399353
177.5,0.0,0.0825,-0.011924525,0.14115095138549805,141.15095138549805
178.0,0.0,0.0825,-0.011926133,0.14114773273468018,141.14773273468018
178.5,0.0,0.0825,-0.011927735,0.1411445438861847,141.1445438861847
179.0,0.0,0.0825,-0.011929353,0.14114129543304443,141.14129543304443
179.5,0.0,0.0825,-0.011930964,0.14113807678222656,141.13807678222656
180.0,0.0,0.0825,-0.011932592,0.1411348283290863,141.1348283290863
180.5,0.0,0.0825,-0.0119342115,0.14113157987594604,141.13157987594604
181.0,0.0,0.0825,-0.011935839,0.1411283314228058,141.1283314228058
181.5,0.0,0.0825,-0.0119374795,0.14112505316734314,141.12505316734314
182.0,0.0,0.0825,-0.011939117,0.1411217749118805,141.1217749118805
182.5,0.0,0.0825,-0.011940765,0.14111848175525665,141.11848175525665
183.0,0.0,0.0825,-0.011942413,0.1411151885986328,141.1151885986328
183.5,0.0,0.0825,-0.011944061,0.14111188054084778,141.11188054084778
184.0,0.0,0.0825,-0.011945718,0.14110857248306274,141.10857248306274
184.5,0.0,0.0825,-0.011947377,0.14110524952411652,141.10524952411652
185.0,0.0,0.0825,-0.011949042,0.1411019265651703,141.1019265651703
185.5,0.0,0.0825,-0.01195072,0.14109855890274048,141.09855890274048
186.0,0.0,0.0825,-0.011952396,0.14109522104263306,141.09522104263306
186.5,0.0,0.0825,-0.011954073,0.14109185338020325,141.09185338020325
187.0,0.0,0.0825,-0.011955759,0.14108848571777344,141.08848571777344
187.5,0.0,0.0825,-0.011957445,0.14108511805534363,141.08511805534363
188.0,0.0,0.0825,-0.01195914,0.14108172059059143,141.08172059059143
188.5,0.0,0.0825,-0.011960837,0.14107833802700043,141.07833802700043
189.0,0.0,0.0825,-0.01196254,0.14107492566108704,141.07492566108704
189.5,0.0,0.0825,-0.011964244,0.14107151329517365,141.07151329517365
190.0,0.0,0.0825,-0.011965953,0.14106810092926025,141.06810092926025
190.5,0.0,0.0825,-0.011967664,0.14106467366218567,141.06467366218567
191.0,0.0,0.0825,-0.011969372,0.14106126129627228,141.06126129627228
191.5,0.0,0.0825,-0.011971089,0.1410578340291977,141.0578340291977
192.0,0.0,0.0825,-0.011972815,0.14105437695980072,141.05437695980072
192.5,0.0,0.0825,-0.011974541,0.14105091989040375,141.05091989040375
193.0,0.0,0.0825,-0.011976266,0.14104747772216797,141.04747772216797
193.5,0.0,0.0825,-0.011978001,0.1410440057516098,141.0440057516098
194.0,0.0,0.0825,-0.011979748,0.14104050397872925,141.04050397872925
194.5,0.0,0.0825,-0.011981491,0.1410370171070099,141.0370171070099
195.0,0.0,0.0825,-0.011983237,0.14103353023529053,141.03353023529053
195.5,0.0,0.0825,-0.011984988,0.14103002846240997,141.03002846240997
196.0,0.0,0.0825,-0.011986747,0.14102651178836823,141.02651178836823
196.5,0.0,0.0825,-0.011988504,0.14102299511432648,141.02299511432648
197.0,0.0,0.0825,-0.011990275,0.14101946353912354,141.01946353912354
197.5,0.0,0.0825,-0.011992037,0.1410159319639206,141.0159319639206
198.0,0.0,0.0825,-0.011993823,0.14101235568523407,141.01235568523407
198.5,0.0,0.0825,-0.011995586,0.14100883901119232,141.00883901119232
199.0,0.0,0.0825,-0.011997383,0.1410052478313446,141.0052478313446
199.5,0.0,0.0825,-0.011999148,0.14100171625614166,141.00171625614166
200.0,0.0,0.0825,-0.012000957,0.14099809527397156,140.99809527397156
200.5,0.0,0.0825,-0.012002669,0.14099466800689697,140.99466800689697
201.0,0.0,0.0825,-0.012004615,0.14099077880382538,140.99077880382538
201.5,0.0,0.0825,-0.012006348,0.1409873068332672,140.9873068332672
202.0,0.0,0.0825,-0.012008175,0.14098365604877472,140.98365604877472
202.5,0.0,0.0825,-0.012009959,0.1409800946712494,140.9800946712494
203.0,0.0,0.0825,-0.012011794,0.1409764140844345,140.9764140844345
203.5,0.0,0.0825,-0.012013606,0.1409727931022644,140.9727931022644
204.0,0.0,0.0825,-0.012015448,0.14096911251544952,140.96911251544952
204.5,0.0,0.0825,-0.012017266,0.14096547663211823,140.96547663211823
205.0,0.0,0.0825,-0.012019113,0.14096178114414215,140.96178114414215
205.5,0.0,0.0825,-0.012020947,0.14095811545848846,140.95811545848846
206.0,0.0,0.0825,-0.0120228,0.1409544050693512,140.9544050693512
206.5,0.0,0.0825,-0.012024647,0.14095070958137512,140.95070958137512
207.0,0.0,0.0825,-0.0120265065,0.14094699919223785,140.94699919223785
207.5,0.0,0.0825,-0.012028364,0.1409432739019394,140.9432739019394
208.0,0.0,0.0825,-0.012030233,0.14093953371047974,140.93953371047974
208.5,0.0,0.0825,-0.012032102,0.14093580842018127,140.93580842018127
209.0,0.0,0.0825,-0.012033979,0.14093205332756042,140.93205332756042
209.5,0.0,0.0825,-0.012035858,0.14092829823493958,140.92829823493958
210.0,0.0,0.0825,-0.0120377345,0.14092454314231873,140.92454314231873
210.5,0.0,0.0825,-0.0120396335,0.1409207433462143,140.9207433462143
211.0,0.0,0.0825,-0.012041519,0.14091697335243225,140.91697335243225
211.5,0.0,0.0825,-0.012043417,0.14091317355632782,140.91317355632782
212.0,0.0,0.0825,-0.012045323,0.1409093588590622,140.9093588590622
212.5,0.0,0.0825,-0.012047221,0.14090555906295776,140.90555906295776
213.0,0.0,0.0825,-0.012049136,0.14090172946453094,140.90172946453094
213.5,0.0,0.0825,-0.012051052,0.14089789986610413,140.89789986610413
214.0,0.0,0.0825,-0.012052968,0.1408940702676773,140.8940702676773
214.5,0.0,0.0825,-0.012054893,0.1408902257680893,140.8902257680893
215.0,0.0,0.0825,-0.012056819,0.1408863663673401,140.8863663673401
215.5,0.0,0.0825,-0.012058753,0.14088250696659088,140.88250696659088
216.0,0.0,0.0825,-0.01206069,0.14087863266468048,140.87863266468048
216.5,0.0,0.0825,-0.012062631,0.1408747434616089,140.8747434616089
217.0,0.0,0.0825,-0.012064579,0.1408708542585373,140.8708542585373
217.5,0.0,0.0825,-0.012066526,0.1408669501543045,140.8669501543045
218.0,0.0,0.0825,-0.012068487,0.14086303114891052,140.86303114891052
218.5,0.0,0.0825,-0.012070441,0.14085912704467773,140.85912704467773
219.0,0.0,0.0825,-0.012072415,0.14085517823696136,140.85517823696136
219.5,0.0,0.0825,-0.012074361,0.14085128903388977,140.85128903388977
220.0,0.0,0.0825,-0.012076352,0.14084729552268982,140.84729552268982
220.5,0.0,0.0825,-0.012078304,0.14084339141845703,140.84339141845703
221.0,0.0,0.0825,-0.0120803155,0.1408393681049347,140.8393681049347
221.5,0.0,0.0825,-0.012082246,0.14083550870418549,140.8355087041855
222.0,0.0,0.0825,-0.012084281,0.14083144068717957,140.83144068717957
222.5,0.0,0.0825,-0.012086214,0.14082758128643036,140.82758128643036
223.0,0.0,0.0825,-0.0120883,0.14082340896129608,140.82340896129608
223.5,0.0,0.0825,-0.012090162,0.14081968367099762,140.81968367099762
224.0,0.0,0.0825,-0.012092258,0.14081549644470215,140.81549644470215
224.5,0.0,0.0825,-0.012094199,0.14081160724163055,140.81160724163055
225.0,0.0,0.0825,-0.012096263,0.14080747961997986,140.80747961997986
225.5,0.0,0.0825,-0.0120982295,0.14080354571342468,140.80354571342468
226.0,0.0,0.0825,-0.01210029,0.14079943299293518,140.79943299293518
226.5,0.0,0.0825,-0.012102287,0.14079543948173523,140.79543948173523
227.0,0.0,0.0825,-0.0121043455,0.14079131186008453,140.79131186008453
227.5,0.0,0.0825,-0.0121063655,0.140787273645401,140.787273645401
228.0,0.0,0.0825,-0.0121084275,0.1407831460237503,140.7831460237503
228.5,0.0,0.0825,-0.012110461,0.14077907800674438,140.77907800674438
229.0,0.0,0.0825,-0.0121125225,0.14077496528625488,140.77496528625488
229.5,0.0,0.0825,-0.012114573,0.14077085256576538,140.77085256576538
230.0,0.0,0.0825,-0.012116638,0.14076672494411469,140.76672494411469
230.5,0.0,0.0825,-0.012118705,0.140762597322464,140.762597322464
231.0,0.0,0.0825,-0.012120772,0.1407584547996521,140.7584547996521
231.5,0.0,0.0825,-0.012122847,0.1407543122768402,140.7543122768402
232.0,0.0,0.0825,-0.012124934,0.14075013995170593,140.75013995170593
232.5,0.0,0.0825,-0.0121270185,0.14074596762657166,140.74596762657166
233.0,0.0,0.0825,-0.012129105,0.14074179530143738,140.74179530143738
233.5,0.0,0.0825,-0.0121312,0.1407376080751419,140.7376080751419
234.0,0.0,0.0825,-0.012133296,0.14073342084884644,140.73342084884644
234.5,0.0,0.0825,-0.0121354,0.14072920382022858,140.72920382022858
235.0,0.0,0.0825,-0.012137505,0.1407250016927719,140.7250016927719
235.5,0.0,0.0825,-0.012139619,0.14072076976299286,140.72076976299286
236.0,0.0,0.0825,-0.012141733,0.1407165378332138,140.7165378332138
236.5,0.0,0.0825,-0.012143858,0.14071229100227356,140.71229100227356
237.0,0.0,0.0825,-0.012145981,0.1407080441713333,140.7080441713333
237.5,0.0,0.0825,-0.012148106,0.14070379734039307,140.70379734039307
238.0,0.0,0.0825,-0.012150238,0.14069953560829163,140.69953560829163
238.5,0.0,0.0825,-0.012152381,0.1406952440738678,140.6952440738678
239.0,0.0,0.0825,-0.012154524,0.14069095253944397,140.69095253944397
239.5,0.0,0.0825,-0.0121566765,0.14068666100502014,140.68666100502014
240.0,0.0,0.0825,-0.012158829,0.14068235456943512,140.68235456943512
240.5,0.0,0.0825,-0.012160981,0.1406780481338501,140.6780481338501
241.0,0.0,0.0825,-0.012163144,0.14067372679710388,140.67372679710388
241.5,0.0,0.0825,-0.012165306,0.14066939055919647,140.66939055919647
242.0,0.0,0.0825,-0.012167478,0.14066505432128906,140.66505432128906
242.5,0.0,0.0825,-0.01216966,0.14066068828105927,140.66068828105927
243.0,0.0,0.0825,-0.012171833,0.14065633714199066,140.65633714199066
243.5,0.0,0.0825,-0.012174023,0.14065195620059967,140.65195620059967
244.0,0.0,0.0825,-0.012176205,0.14064759016036987,140.64759016036987
244.5,0.0,0.0825,-0.012178406,0.1406431943178177,140.6431943178177
245.0,0.0,0.0825,-0.0121805975,0.1406388133764267,140.6388133764267
245.5,0.0,0.0825,-0.012182808,0.14063438773155212,140.63438773155212
246.0,0.0,0.0825,-0.012185008,0.14062999188899994,140.62999188899994
246.5,0.0,0.0825,-0.012187218,0.14062556624412537,140.62556624412537
247.0,0.0,0.0825,-0.012189439,0.1406211256980896,140.6211256980896
247.5,0.0,0.0825,-0.012191657,0.14061668515205383,140.61668515205383
248.0,0.0,0.0825,-0.0121938875,0.14061222970485687,140.61222970485687
248.5,0.0,0.0825,-0.012196116,0.1406077742576599,140.6077742576599
249.0,0.0,0.0825,-0.012198345,0.14060331881046295,140.60331881046295
249.5,0.0,0.0825,-0.012200584,0.1405988335609436,140.5988335609436
250.0,0.0,0.0825,-0.012202832,0.14059434831142426,140.59434831142426
250.5,0.0,0.0825,-0.012205079,0.1405898481607437,140.5898481607437
251.0,0.0,0.0825,-0.012207327,0.14058534801006317,140.58534801006317
251.5,0.0,0.0825,-0.012209585,0.14058083295822144,140.58083295822144
252.0,0.0,0.0825,-0.012211842,0.1405763179063797,140.5763179063797
252.5,0.0,0.0825,-0.01221411,0.14057178795337677,140.57178795337677
253.0,0.0,0.0825,-0.012216376,0.14056725800037384,140.56725800037384
253.5,0.0,0.0825,-0.012218654,0.14056269824504852,140.56269824504852
254.0,0.0,0.0825,-0.012220929,0.1405581533908844,140.5581533908844
254.5,0.0,0.0825,-0.012223219,0.1405535638332367,140.5535638332367
255.0,0.0,0.0825,-0.0122255,0.14054900407791138,140.54900407791138
255.5,0.0,0.0825,-0.012227799,0.14054441452026367,140.54441452026367
256.0,0.0,0.0825,-0.0122301085,0.14053979516029358,140.53979516029358
256.5,0.0,0.0825,-0.012232419,0.1405351758003235,140.5351758003235
257.0,0.0,0.0825,-0.012234712,0.14053058624267578,140.53058624267578
257.5,0.0,0.0825,-0.01223703,0.1405259519815445,140.5259519815445
258.0,0.0,0.0825,-0.012239327,0.1405213475227356,140.5213475227356
258.5,0.0,0.0825,-0.012241669,0.14051666855812073,140.51666855812073
259.0,0.0,0.0825,-0.012243964,0.14051207900047302,140.51207900047302
259.5,0.0,0.0825,-0.012246312,0.14050738513469696,140.50738513469696
260.0,0.0,0.0825,-0.012248602,0.14050281047821045,140.50281047821045
260.5,0.0,0.0825,-0.012250958,0.140498086810112,140.498086810112
261.0,0.0,0.0825,-0.01225327,0.1404934674501419,140.4934674501419
261.5,0.0,0.0825,-0.012255648,0.14048871397972107,140.48871397972107
262.0,0.0,0.0825,-0.01225794,0.14048412442207336,140.48412442207336
262.5,0.0,0.0825,-0.0122603355,0.14047934114933014,140.47934114933014
263.0,0.0,0.0825,-0.012262643,0.14047472178936005,140.47472178936005
263.5,0.0,0.0825,-0.012265052,0.14046990871429443,140.46990871429443
264.0,0.0,0.0825,-0.012267367,0.14046527445316315,140.46527445316315
264.5,0.0,0.0825,-0.012269791,0.14046043157577515,140.46043157577515
265.0,0.0,0.0825,-0.012272104,0.14045579731464386,140.45579731464386
265.5,0.0,0.0825,-0.012274538,0.14045092463493347,140.45092463493347
266.0,0.0,0.0825,-0.012276843,0.14044632017612457,140.44632017612457
266.5,0.0,0.0825,-0.012279301,0.1404414027929306,140.4414027929306
267.0,0.0,0.0825,-0.012281581,0.14043684303760529,140.43684303760529
267.5,0.0,0.0825,-0.012284055,0.14043189585208893,140.43189585208893
268.0,0.0,0.0825,-0.012286333,0.1404273360967636,140.4273360967636
268.5,0.0,0.0825,-0.012288816,0.14042237401008606,140.42237401008606
269.0,0.0,0.0825,-0.012291107,0.14041778445243835,140.41778445243835
269.5,0.0,0.0825,-0.01229359,0.1404128223657608,140.4128223657608
270.0,0.0,0.0825,-0.012295939,0.14040812849998474,140.40812849998474
270.5,0.0,0.0825,-0.012298414,0.14040318131446838,140.40318131446838
271.0,0.0,0.0825,-0.012300794,0.14039841294288635,140.39841294288635
271.5,0.0,0.0825,-0.012303263,0.1403934806585312,140.3934806585312
272.0,0.0,0.0825,-0.012305672,0.14038866758346558,140.38866758346558
272.5,0.0,0.0825,-0.012308138,0.1403837352991104,140.3837352991104
273.0,0.0,0.0825,-0.012310569,0.14037886261940002,140.37886261940002
273.5,0.0,0.0825,-0.012313036,0.14037393033504486,140.37393033504486
274.0,0.0,0.0825,-0.012315486,0.14036902785301208,140.36902785301208
274.5,0.0,0.0825,-0.012317955,0.14036409556865692,140.36409556865692
275.0,0.0,0.0825,-0.01232042,0.14035916328430176,140.35916328430176
275.5,0.0,0.0825,-0.012322883,0.1403542459011078,140.3542459011078
276.0,0.0,0.0825,-0.012325363,0.14034928381443024,140.34928381443024
276.5,0.0,0.0825,-0.0123278415,0.14034432172775269,140.34432172775269
277.0,0.0,0.0825,-0.012330336,0.14033932983875275,140.33932983875275
277.5,0.0,0.0825,-0.012332807,0.14033439755439758,140.33439755439758
278.0,0.0,0.0825,-0.012335314,0.14032937586307526,140.32937586307526
278.5,0.0,0.0825,-0.012337802,0.1403243988752365,140.3243988752365
279.0,0.0,0.0825,-0.012340319,0.140319362282753,140.319362282753
279.5,0.0,0.0825,-0.012342812,0.14031438529491425,140.31438529491425
280.0,0.0,0.0825,-0.012345306,0.1403093934059143,140.3093934059143
280.5,0.0,0.0825,-0.012347807,0.14030438661575317,140.30438661575317
281.0,0.0,0.0825,-0.012350344,0.14029932022094727,140.29932022094727
281.5,0.0,0.0825,-0.012352849,0.14029431343078613,140.29431343078613
282.0,0.0,0.0825,-0.012355395,0.14028921723365784,140.28921723365784
282.5,0.0,0.0825,-0.012357914,0.14028418064117432,140.28418064117432
283.0,0.0,0.0825,-0.012360467,0.14027906954288483,140.27906954288483
283.5,0.0,0.0825,-0.012362999,0.14027400314807892,140.27400314807892
284.0,0.0,0.0825,-0.012365558,0.14026889204978943,140.26889204978943
284.5,0.0,0.0825,-0.0123681035,0.14026379585266113,140.26379585266113
285.0,0.0,0.0825,-0.012370659,0.14025868475437164,140.25868475437164
285.5,0.0,0.0825,-0.012373216,0.14025357365608215,140.25357365608215
286.0,0.0,0.0825,-0.012375788,0.14024843275547028,140.24843275547028
286.5,0.0,0.0825,-0.012378359,0.1402432918548584,140.2432918548584
287.0,0.0,0.0825,-0.012380925,0.14023815095424652,140.23815095424652
287.5,0.0,0.0825,-0.01238351,0.14023298025131226,140.23298025131226
288.0,0.0,0.0825,-0.01238609,0.14022782444953918,140.22782444953918
288.5,0.0,0.0825,-0.012388691,0.14022262394428253,140.22262394428253
289.0,0.0,0.0825,-0.012391262,0.14021748304367065,140.21748304367065
289.5,0.0,0.0825,-0.012393882,0.14021223783493042,140.21223783493042
290.0,0.0,0.0825,-0.012396447,0.14020711183547974,140.20711183547974
290.5,0.0,0.0825,-0.0123990895,0.14020182192325592,140.20182192325592
291.0,0.0,0.0825,-0.0124016395,0.14019672572612762,140.19672572612762
291.5,0.0,0.0825,-0.012404309,0.14019139111042023,140.19139111042023
292.0,0.0,0.0825,-0.012406831,0.1401863396167755,140.1863396167755
292.5,0.0,0.0825,-0.01240953,0.14018094539642334,140.18094539642334
293.0,0.0,0.0825,-0.012412024,0.1401759535074234,140.1759535074234
293.5,0.0,0.0825,-0.012414756,0.14017049968242645,140.17049968242645
294.0,0.0,0.0825,-0.012417259,0.14016549289226532,140.16549289226532
294.5,0.0,0.0825,-0.012419968,0.14016006886959076,140.16006886959076
295.0,0.0,0.0825,-0.012422525,0.14015495777130127,140.15495777130127
295.5,0.0,0.0825,-0.012425225,0.1401495635509491,140.1495635509491
296.0,0.0,0.0825,-0.012427819,0.14014436304569244,140.14436304569244
296.5,0.0,0.0825,-0.012430521,0.14013896882534027,140.13896882534027
297.0,0.0,0.0825,-0.012433139,0.14013372361660004,140.13372361660004
297.5,0.0,0.0825,-0.012435838,0.14012832939624786,140.12832939624786
298.0,0.0,0.0825,-0.012438488,0.14012302458286285,140.12302458286285
298.5,0.0,0.0825,-0.012441179,0.14011764526367188,140.11764526367188
299.0,0.0,0.0825,-0.012443846,0.14011231064796448,140.11231064796448
299.5,0.0,0.0825,-0.012446541,0.1401069164276123,140.1069164276123
300.0,0.0,0.0825,-0.012449223,0.1401015669107437,140.1015669107437
300.5,0.0,0.0825,-0.012451925,0.14009615778923035,140.09615778923035
301.0,0.0,0.0825,-0.012454617,0.14009077847003937,140.09077847003937
301.5,0.0,0.0825,-0.01245733,0.1400853395462036,140.0853395462036
302.0,0.0,0.0825,-0.01246003,0.14007994532585144,140.07994532585144
302.5,0.0,0.0825,-0.012462754,0.1400744915008545,140.0744915008545
303.0,0.0,0.0825,-0.012465459,0.14006908237934113,140.06908237934113
303.5,0.0,0.0825,-0.012468197,0.14006361365318298,140.06361365318298
304.0,0.0,0.0825,-0.012470896,0.1400582194328308,140.0582194328308
304.5,0.0,0.0825,-0.01247365,0.1400527060031891,140.0527060031891
305.0,0.0,0.0825,-0.012476356,0.14004729688167572,140.04729688167572
305.5,0.0,0.0825,-0.0124791255,0.1400417536497116,140.0417536497116
306.0,0.0,0.0825,-0.012481812,0.14003637433052063,140.03637433052063
306.5,0.0,0.0825,-0.012484599,0.14003080129623413,140.03080129623413
307.0,0.0,0.0825,-0.012487292,0.14002542197704315,140.02542197704315
307.5,0.0,0.0825,-0.012490076,0.14001984894275665,140.01984894275665
308.0,0.0,0.0825,-0.0124927685,0.14001446962356567,140.01446962356567
308.5,0.0,0.0825,-0.0124955755,0.1400088518857956,140.0088518857956
309.0,0.0,0.0825,-0.01249829,0.14000342786312103,140.00342786312103
309.5,0.0,0.0825,-0.012501098,0.13999781012535095,139.99781012535095
310.0,0.0,0.0825,-0.012503842,0.13999232649803162,139.99232649803162
310.5,0.0,0.0825,-0.012506652,0.13998670876026154,139.98670876026154
311.0,0.0,0.0825,-0.012509419,0.13998116552829742,139.98116552829742
311.5,0.0,0.0825,-0.012512231,0.13997554779052734,139.97554779052734
312.0,0.0,0.0825,-0.012515015,0.13996997475624084,139.96997475624084
312.5,0.0,0.0825,-0.012517832,0.13996434211730957,139.96434211730957
313.0,0.0,0.0825,-0.012520631,0.13995873928070068,139.95873928070068
313.5,0.0,0.0825,-0.012523443,0.1399531215429306,139.9531215429306
314.0,0.0,0.0825,-0.012526255,0.13994750380516052,139.94750380516052
314.5,0.0,0.0825,-0.012529084,0.13994184136390686,139.94184136390686
315.0,0.0,0.0825,-0.012531907,0.1399361938238144,139.9361938238144
315.5,0.0,0.0825,-0.012534735,0.13993053138256073,139.93053138256073
316.0,0.0,0.0825,-0.012537569,0.13992486894130707,139.92486894130707
316.5,0.0,0.0825,-0.012540415,0.13991917669773102,139.91917669773102
317.0,0.0,0.0825,-0.012543259,0.13991348445415497,139.91348445415497
317.5,0.0,0.0825,-0.012546104,0.13990779221057892,139.90779221057892
318.0,0.0,0.0825,-0.012548959,0.13990208506584167,139.90208506584167
318.5,0.0,0.0825,-0.012551812,0.13989637792110443,139.89637792110443
319.0,0.0,0.0825,-0.012554677,0.139890655875206,139.890655875206
319.5,0.0,0.0825,-0.01255754,0.13988491892814636,139.88491892814636
320.0,0.0,0.0825,-0.012560414,0.13987918198108673,139.87918198108673
320.5,0.0,0.0825,-0.012563286,0.1398734301328659,139.8734301328659
321.0,0.0,0.0825,-0.012566171,0.1398676633834839,139.8676633834839
321.5,0.0,0.0825,-0.012569051,0.13986191153526306,139.86191153526306
322.0,0.0,0.0825,-0.012571936,0.13985612988471985,139.85612988471985
322.5,0.0,0.0825,-0.012574826,0.13985034823417664,139.85034823417664
323.0,0.0,0.0825,-0.012577729,0.13984455168247223,139.84455168247223
323.5,0.0,0.0825,-0.012580629,0.13983875513076782,139.83875513076782
324.0,0.0,0.0825,-0.012583543,0.13983291387557983,139.83291387557983
324.5,0.0,0.0825,-0.012586452,0.13982710242271423,139.82710242271423
325.0,0.0,0.0825,-0.012589364,0.13982127606868744,139.82127606868744
325.5,0.0,0.0825,-0.012592284,0.13981543481349945,139.81543481349945
326.0,0.0,0.0825,-0.012595206,0.13980959355831146,139.80959355831146
326.5,0.0,0.0825,-0.012598135,0.13980373740196228,139.80373740196228
327.0,0.0,0.0825,-0.012601075,0.1397978514432907,139.7978514432907
327.5,0.0,0.0825,-0.012604004,0.13979199528694153,139.79199528694153
328.0,0.0,0.0825,-0.012606954,0.13978609442710876,139.78609442710876
328.5,0.0,0.0825,-0.0126098925,0.1397802233695984,139.7802233695984
329.0,0.0,0.0825,-0.012612851,0.13977430760860443,139.77430760860443
329.5,0.0,0.0825,-0.0126158,0.13976840674877167,139.76840674877167
330.0,0.0,0.0825,-0.012618769,0.13976246118545532,139.76246118545532
330.5,0.0,0.0825,-0.012621726,0.13975656032562256,139.75656032562256
331.0,0.0,0.0825,-0.012624695,0.1397506147623062,139.7506147623062
331.5,0.0,0.0825,-0.0126276715,0.13974466919898987,139.74466919898987
332.0,0.0,0.0825,-0.01263065,0.13973870873451233,139.73870873451233
332.5,0.0,0.0825,-0.012633637,0.1397327333688736,139.7327333688736
333.0,0.0,0.0825,-0.012636623,0.13972675800323486,139.72675800323486
333.5,0.0,0.0825,-0.01263961,0.13972078263759613,139.72078263759613
334.0,0.0,0.0825,-0.012642606,0.1397147923707962,139.7147923707962
334.5,0.0,0.0825,-0.012645611,0.13970878720283508,139.70878720283508
335.0,0.0,0.0825,-0.012648614,0.13970278203487396,139.70278203487396
335.5,0.0,0.0825,-0.012651615,0.13969677686691284,139.69677686691284
336.0,0.0,0.0825,-0.012654624,0.13969075679779053,139.69075679779053
336.5,0.0,0.0825,-0.012657633,0.1396847367286682,139.6847367286682
337.0,0.0,0.0825,-0.012660648,0.1396787166595459,139.6787166595459
337.5,0.0,0.0825,-0.012663661,0.1396726816892624,139.6726816892624
338.0,0.0,0.0825,-0.012666685,0.1396666318178177,139.6666318178177
338.5,0.0,0.0825,-0.012669708,0.13966059684753418,139.66059684753418
339.0,0.0,0.0825,-0.01267274,0.13965453207492828,139.65453207492828
339.5,0.0,0.0825,-0.012675772,0.1396484673023224,139.6484673023224
340.0,0.0,0.0825,-0.012678814,0.1396423727273941,139.6423727273941
340.5,0.0,0.0825,-0.012681857,0.13963629305362701,139.636293053627
341.0,0.0,0.0825,-0.012684908,0.13963019847869873,139.63019847869873
341.5,0.0,0.0825,-0.01268796,0.13962408900260925,139.62408900260925
342.0,0.0,0.0825,-0.01269101,0.13961797952651978,139.61797952651978
342.5,0.0,0.0825,-0.012694071,0.1396118700504303,139.6118700504303
343.0,0.0,0.0825,-0.012697141,0.13960573077201843,139.60573077201843
343.5,0.0,0.0825,-0.012700212,0.13959957659244537,139.59957659244537
344.0,0.0,0.0825,-0.012703281,0.1395934522151947,139.5934522151947
344.5,0.0,0.0825,-0.012706362,0.13958728313446045,139.58728313446045
345.0,0.0,0.0825,-0.012709441,0.1395811289548874,139.5811289548874
345.5,0.0,0.0825,-0.01271253,0.13957494497299194,139.57494497299194
346.0,0.0,0.0825,-0.012715628,0.1395687460899353,139.5687460899353
346.5,0.0,0.0825,-0.012718718,0.13956257700920105,139.56257700920105
347.0,0.0,0.0825,-0.012721825,0.13955634832382202,139.55634832382202
347.5,0.0,0.0825,-0.012724924,0.13955016434192657,139.55016434192657
348.0,0.0,0.0825,-0.012728041,0.13954392075538635,139.54392075538635
348.5,0.0,0.0825,-0.01273115,0.13953770697116852,139.53770697116852
349.0,0.0,0.0825,-0.012734277,0.1395314484834671,139.5314484834671
349.5,0.0,0.0825,-0.012737393,0.13952521979808807,139.52521979808807
350.0,0.0,0.0825,-0.012740523,0.13951896131038666,139.51896131038666
350.5,0.0,0.0825,-0.0127436565,0.13951268792152405,139.51268792152405
351.0,0.0,0.0825,-0.012746797,0.13950641453266144,139.50641453266144
351.5,0.0,0.0825,-0.012749939,0.13950012624263763,139.50012624263763
352.0,0.0,0.0825,-0.012753091,0.13949382305145264,139.49382305145264
352.5,0.0,0.0825,-0.012756229,0.13948754966259003,139.48754966259003
353.0,0.0,0.0825,-0.012759395,0.13948121666908264,139.48121666908264
353.5,0.0,0.0825,-0.012762537,0.13947492837905884,139.47492837905884
354.0,0.0,0.0825,-0.012765717,0.13946858048439026,139.46858048439026
354.5,0.0,0.0825,-0.01276887,0.13946226239204407,139.46226239204407
355.0,0.0,0.0825,-0.012772063,0.1394558846950531,139.4558846950531
355.5,0.0,0.0825,-0.012775209,0.1394495964050293,139.4495964050293
356.0,0.0,0.0825,-0.012778415,0.13944317400455475,139.44317400455475
356.5,0.0,0.0825,-0.012781519,0.13943696022033691,139.4369602203369
357.0,0.0,0.0825,-0.012784876,0.13943025469779968,139.43025469779968
357.5,0.0,0.0825,-0.012787991,0.13942402601242065,139.42402601242065
358.0,0.0,0.0825,-0.012791215,0.13941757380962372,139.41757380962372
358.5,0.0,0.0825,-0.012794391,0.13941122591495514,139.41122591495514
359.0,0.0,0.0825,-0.012797621,0.139404758810997,139.404758810997
359.5,0.0,0.0825,-0.012800813,0.13939838111400604,139.39838111400604
360.0,0.0,0.0825,-0.012804041,0.1393919289112091,139.3919289112091
360.5,0.0,0.0825,-0.012807249,0.13938550651073456,139.38550651073456
361.0,0.0,0.0825,-0.012810492,0.13937902450561523,139.37902450561523
361.5,0.0,0.0825,-0.012813714,0.1393725723028183,139.3725723028183
362.0,0.0,0.0825,-0.012816954,0.13936609029769897,139.36609029769897
362.5,0.0,0.0825,-0.012820189,0.13935962319374084,139.35962319374084
363.0,0.0,0.0825,-0.012823447,0.13935311138629913,139.35311138629913
363.5,0.0,0.0825,-0.012826691,0.1393466293811798,139.3466293811798
364.0,0.0,0.0825,-0.01282995,0.1393401026725769,139.3401026725769
364.5,0.0,0.0825,-0.012833202,0.1393336057662964,139.3336057662964
365.0,0.0,0.0825,-0.012836472,0.1393270641565323,139.3270641565323
365.5,0.0,0.0825,-0.01283973,0.13932055234909058,139.32055234909058
366.0,0.0,0.0825,-0.012843014,0.1393139809370041,139.3139809370041
366.5,0.0,0.0825,-0.012846273,0.13930745422840118,139.30745422840118
367.0,0.0,0.0825,-0.012849575,0.1393008530139923,139.3008530139923
367.5,0.0,0.0825,-0.012852832,0.1392943412065506,139.2943412065506
368.0,0.0,0.0825,-0.012856153,0.13928769528865814,139.28769528865814
368.5,0.0,0.0825,-0.012859398,0.13928121328353882,139.28121328353882
369.0,0.0,0.0825,-0.012862739,0.13927452266216278,139.27452266216278
369.5,0.0,0.0825,-0.01286596,0.13926808536052704,139.26808536052704
370.0,0.0,0.0825,-0.0128693525,0.13926130533218384,139.26130533218384
370.5,0.0,0.0825,-0.012872497,0.13925501704216003,139.25501704216003
371.0,0.0,0.0825,-0.012875897,0.13924820721149445,139.24820721149445
371.5,0.0,0.0825,-0.012879136,0.13924174010753632,139.24174010753632
372.0,0.0,0.0825,-0.012882505,0.1392349898815155,139.2349898815155
372.5,0.0,0.0825,-0.012885788,0.1392284333705902,139.2284333705902
373.0,0.0,0.0825,-0.012889151,0.1392216980457306,139.2216980457306
373.5,0.0,0.0825,-0.012892461,0.13921508193016052,139.21508193016052
374.0,0.0,0.0825,-0.012895828,0.1392083466053009,139.2083466053009
374.5,0.0,0.0825,-0.012899143,0.13920171558856964,139.20171558856964
375.0,0.0,0.0825,-0.012902515,0.13919498026371002,139.19498026371002
375.5,0.0,0.0825,-0.012905854,0.13918830454349518,139.18830454349518
376.0,0.0,0.0825,-0.012909226,0.13918155431747437,139.18155431747437
376.5,0.0,0.0825,-0.012912582,0.13917484879493713,139.17484879493713
377.0,0.0,0.0825,-0.012915959,0.13916808366775513,139.16808366775513
377.5,0.0,0.0825,-0.012919326,0.1391613483428955,139.1613483428955
378.0,0.0,0.0825,-0.012922712,0.1391545832157135,139.1545832157135
378.5,0.0,0.0825,-0.0129260905,0.1391478180885315,139.1478180885315
379.0,0.0,0.0825,-0.012929474,0.1391410529613495,139.1410529613495
379.5,0.0,0.0825,-0.012932873,0.1391342580318451,139.1342580318451
380.0,0.0,0.0825,-0.012936266,0.1391274780035019,139.1274780035019
380.5,0.0,0.0825,-0.0129396655,0.1391206681728363,139.1206681728363
381.0,0.0,0.0825,-0.012943077,0.13911385834217072,139.11385834217072
381.5,0.0,0.0825,-0.012946478,0.13910704851150513,139.10704851150513
382.0,0.0,0.0825,-0.012949899,0.13910020887851715,139.10020887851715
382.5,0.0,0.0825,-0.01295332,0.13909336924552917,139.09336924552917
383.0,0.0,0.0825,-0.012956739,0.1390865296125412,139.0865296125412
383.5,0.0,0.0825,-0.012960169,0.13907966017723083,139.07966017723083
384.0,0.0,0.0825,-0.012963599,0.13907280564308167,139.07280564308167
384.5,0.0,0.0825,-0.012967039,0.1390659213066101,139.0659213066101
385.0,0.0,0.0825,-0.012970476,0.13905905187129974,139.05905187129974
385.5,0.0,0.0825,-0.012973927,0.139052152633667,139.052152633667
386.0,0.0,0.0825,-0.012977373,0.13904526829719543,139.04526829719543
386.5,0.0,0.0825,-0.012980835,0.1390383392572403,139.0383392572403
387.0,0.0,0.0825,-0.012984288,0.13903142511844635,139.03142511844635
387.5,0.0,0.0825,-0.012987762,0.13902448117733002,139.02448117733002
388.0,0.0,0.0825,-0.012991222,0.13901756703853607,139.01756703853607
388.5,0.0,0.0825,-0.012994698,0.13901060819625854,139.01060819625854
389.0,0.0,0.0825,-0.012998164,0.1390036791563034,139.0036791563034
389.5,0.0,0.0825,-0.0130016655,0.1389966756105423,138.9966756105423
390.0,0.0,0.0825,-0.013005133,0.13898974657058716,138.98974657058716
390.5,0.0,0.0825,-0.013008639,0.13898272812366486,138.98272812366486
391.0,0.0,0.0825,-0.01301213,0.13897573947906494,138.97573947906494
391.5,0.0,0.0825,-0.013015662,0.13896867632865906,138.96867632865906
392.0,0.0,0.0825,-0.013019127,0.13896174728870392,138.96174728870392
392.5,0.0,0.0825,-0.013022671,0.13895466923713684,138.95466923713684
393.0,0.0,0.0825,-0.01302613,0.1389477401971817,138.9477401971817
393.5,0.0,0.0825,-0.013029688,0.13894063234329224,138.94063234329224
394.0,0.0,0.0825,-0.013033164,0.1389336735010147,138.9336735010147
394.5,0.0,0.0825,-0.013036737,0.13892653584480286,138.92653584480286
395.0,0.0,0.0825,-0.013040199,0.13891960680484772,138.91960680484772
395.5,0.0,0.0825,-0.013043795,0.1389124095439911,138.9124095439911
396.0,0.0,0.0825,-0.01304726,0.13890548050403595,138.90548050403595
396.5,0.0,0.0825,-0.013050874,0.13889825344085693,138.89825344085693
397.0,0.0,0.0825,-0.013054328,0.13889135420322418,138.89135420322418
397.5,0.0,0.0825,-0.013057964,0.13888408243656158,138.88408243656158
398.0,0.0,0.0825,-0.013061388,0.13887722790241241,138.87722790241241
398.5,0.0,0.0825,-0.013065039,0.13886992633342743,138.86992633342743
399.0,0.0,0.0825,-0.013068486,0.13886302709579468,138.86302709579468
399.5,0.0,0.0825,-0.013072142,0.1388557255268097,138.8557255268097
400.0,0.0,0.0825,-0.013075595,0.13884881138801575,138.84881138801575
400.5,0.0,0.0825,-0.013079247,0.13884150981903076,138.84150981903076
401.0,0.0,0.0825,-0.0130827585,0.13883449137210846,138.83449137210846
401.5,0.0,0.0825,-0.0130864,0.13882720470428467,138.82720470428467
402.0,0.0,0.0825,-0.013089944,0.1388201117515564,138.8201117515564
402.5,0.0,0.0825,-0.013093577,0.138812854886055,138.812854886055
403.0,0.0,0.0825,-0.013097154,0.13880570232868195,138.80570232868195
403.5,0.0,0.0825,-0.013100781,0.13879844546318054,138.79844546318054
404.0,0.0,0.0825,-0.013104383,0.13879123330116272,138.79123330116272
404.5,0.0,0.0825,-0.013108006,0.1387839913368225,138.7839913368225
405.0,0.0,0.0825,-0.013111629,0.1387767493724823,138.7767493724823
405.5,0.0,0.0825,-0.0131152505,0.1387695074081421,138.7695074081421
406.0,0.0,0.0825,-0.013118888,0.1387622356414795,138.7622356414795
406.5,0.0,0.0825,-0.013122513,0.1387549787759781,138.7549787759781
407.0,0.0,0.0825,-0.013126128,0.13874775171279907,138.74775171279907
407.5,0.0,0.0825,-0.013129772,0.13874046504497528,138.74046504497528
408.0,0.0,0.0825,-0.013133432,0.1387331485748291,138.7331485748291
408.5,0.0,0.0825,-0.013137077,0.13872584700584412,138.72584700584412
409.0,0.0,0.0825,-0.0131407445,0.13871851563453674,138.71851563453674
409.5,0.0,0.0825,-0.013144395,0.13871121406555176,138.71121406555176
410.0,0.0,0.0825,-0.013148067,0.1387038677930832,138.7038677930832
410.5,0.0,0.0825,-0.013151736,0.13869653642177582,138.69653642177582
411.0,0.0,0.0825,-0.013155407,0.13868919014930725,138.68919014930725
411.5,0.0,0.0825,-0.013159105,0.1386817991733551,138.6817991733551
412.0,0.0,0.0825,-0.013162766,0.13867446780204773,138.67446780204773
412.5,0.0,0.0825,-0.013166483,0.1386670470237732,138.6670470237732
413.0,0.0,0.0825,-0.013170137,0.13865973055362701,138.659730553627
413.5,0.0,0.0825,-0.013173879,0.1386522501707077,138.6522501707077
414.0,0.0,0.0825,-0.013177515,0.1386449784040451,138.6449784040451
414.5,0.0,0.0825,-0.013181286,0.13863743841648102,138.63743841648102
415.0,0.0,0.0825,-0.013184893,0.1386302262544632,138.6302262544632
415.5,0.0,0.0825,-0.013188683,0.13862264156341553,138.62264156341553
416.0,0.0,0.0825,-0.013192267,0.1386154741048813,138.6154741048813
416.5,0.0,0.0825,-0.013196099,0.13860781490802765,138.60781490802765
417.0,0.0,0.0825,-0.013199691,0.13860061764717102,138.60061764717102
417.5,0.0,0.0825,-0.013203502,0.13859300315380096,138.59300315380096
418.0,0.0,0.0825,-0.013207133,0.13858574628829956,138.58574628829956
418.5,0.0,0.0825,-0.0132109355,0.1385781317949295,138.5781317949295
419.0,0.0,0.0825,-0.013214622,0.13857075572013855,138.57075572013855
419.5,0.0,0.0825,-0.013218418,0.13856317102909088,138.56317102909088
420.0,0.0,0.0825,-0.013222127,0.13855575025081635,138.55575025081635
420.5,0.0,0.0825,-0.013225921,0.13854816555976868,138.54816555976868
421.0,0.0,0.0825,-0.013229651,0.13854070007801056,138.54070007801056
421.5,0.0,0.0825,-0.013233449,0.1385331153869629,138.5331153869629
422.0,0.0,0.0825,-0.013237193,0.13852562010288239,138.52562010288239
422.5,0.0,0.0825,-0.0132410005,0.13851800560951233,138.51800560951233
423.0,0.0,0.0825,-0.013244751,0.13851051032543182,138.51051032543182
423.5,0.0,0.0825,-0.013248571,0.13850286602973938,138.50286602973938
424.0,0.0,0.0825,-0.013252321,0.13849537074565887,138.49537074565887
424.5,0.0,0.0825,-0.013256156,0.13848769664764404,138.48769664764404
425.0,0.0,0.0825,-0.013259897,0.13848021626472473,138.48021626472473
425.5,0.0,0.0825,-0.013263747,0.1384725123643875,138.4725123643875
426.0,0.0,0.0825,-0.0132674845,0.1384650319814682,138.4650319814682
426.5,0.0,0.0825,-0.013271318,0.13845737278461456,138.45737278461456
427.0,0.0,0.0825,-0.013275066,0.13844987750053406,138.44987750053406
427.5,0.0,0.0825,-0.013278933,0.13844214379787445,138.44214379787445
428.0,0.0,0.0825,-0.013282706,0.13843458890914917,138.43458890914917
428.5,0.0,0.0825,-0.013286565,0.13842687010765076,138.42687010765076
429.0,0.0,0.0825,-0.013290369,0.1384192705154419,138.4192705154419
429.5,0.0,0.0825,-0.013294229,0.13841155171394348,138.41155171394348
430.0,0.0,0.0825,-0.013298056,0.13840389251708984,138.40389251708984
430.5,0.0,0.0825,-0.013301928,0.13839614391326904,138.39614391326904
431.0,0.0,0.0825,-0.013305763,0.1383884847164154,138.3884847164154
431.5,0.0,0.0825,-0.013309638,0.1383807361125946,138.3807361125946
432.0,0.0,0.0825,-0.013313489,0.13837303221225739,138.37303221225739
432.5,0.0,0.0825,-0.013317369,0.1383652687072754,138.3652687072754
433.0,0.0,0.0825,-0.013321233,0.13835753500461578,138.35753500461578
433.5,0.0,0.0825,-0.013325119,0.1383497714996338,138.3497714996338
434.0,0.0,0.0825,-0.013328995,0.138342022895813,138.342022895813
434.5,0.0,0.0825,-0.01333288,0.1383342444896698,138.3342444896698
435.0,0.0,0.0825,-0.013336775,0.13832645118236542,138.32645118236542
435.5,0.0,0.0825,-0.013340669,0.13831867277622223,138.31867277622223
436.0,0.0,0.0825,-0.013344575,0.13831084966659546,138.31084966659546
436.5,0.0,0.0825,-0.013348477,0.13830305635929108,138.30305635929108
437.0,0.0,0.0825,-0.013352383,0.1382952332496643,138.2952332496643
437.5,0.0,0.0825,-0.0133562945,0.13828742504119873,138.28742504119873
438.0,0.0,0.0825,-0.01336021,0.13827958703041077,138.27958703041077
438.5,0.0,0.0825,-0.013364131,0.1382717490196228,138.2717490196228
439.0,0.0,0.0825,-0.0133680655,0.13826388120651245,138.26388120651245
439.5,0.0,0.0825,-0.013371996,0.1382560133934021,138.2560133934021
440.0,0.0,0.0825,-0.0133759305,0.13824814558029175,138.24814558029175
440.5,0.0,0.0825,-0.01337987,0.1382402628660202,138.2402628660202
441.0,0.0,0.0825,-0.013383814,0.13823238015174866,138.23238015174866
441.5,0.0,0.0825,-0.013387763,0.13822448253631592,138.22448253631592
442.0,0.0,0.0825,-0.013391716,0.13821657001972198,138.21657001972198
442.5,0.0,0.0825,-0.013395674,0.13820865750312805,138.20865750312805
443.0,0.0,0.0825,-0.013399637,0.13820073008537292,138.20073008537292
443.5,0.0,0.0825,-0.013403603,0.1381928026676178,138.1928026676178
444.0,0.0,0.0825,-0.013407577,0.13818484544754028,138.18484544754028
444.5,0.0,0.0825,-0.0134115415,0.13817691802978516,138.17691802978516
445.0,0.0,0.0825,-0.013415524,0.13816896080970764,138.16896080970764
445.5,0.0,0.0825,-0.013419508,0.13816098868846893,138.16098868846893
446.0,0.0,0.0825,-0.0134235,0.13815300166606903,138.15300166606903
446.5,0.0,0.0825,-0.013427484,0.13814504444599152,138.14504444599152
447.0,0.0,0.0825,-0.013431485,0.13813704252243042,138.13704252243042
447.5,0.0,0.0825,-0.013435488,0.13812902569770813,138.12902569770813
448.0,0.0,0.0825,-0.013439498,0.13812100887298584,138.12100887298584
448.5,0.0,0.0825,-0.013443501,0.13811300694942474,138.11300694942474
449.0,0.0,0.0825,-0.013447519,0.13810497522354126,138.10497522354126
449.5,0.0,0.0825,-0.013451532,0.13809694349765778,138.09694349765778
450.0,0.0,0.0825,-0.01345556,0.1380888819694519,138.0888819694519
450.5,0.0,0.0825,-0.013459583,0.13808083534240723,138.08083534240723
451.0,0.0,0.0825,-0.01346362,0.13807275891304016,138.07275891304016
451.5,0.0,0.0825,-0.013467652,0.1380646973848343,138.0646973848343
452.0,0.0,0.0825,-0.013471697,0.13805660605430603,138.05660605430603
452.5,0.0,0.0825,-0.013475739,0.13804852962493896,138.04852962493896
453.0,0.0,0.0825,-0.013479795,0.1380404233932495,138.0404233932495
453.5,0.0,0.0825,-0.013483847,0.13803231716156006,138.03231716156006
454.0,0.0,0.0825,-0.0134879,0.1380242109298706,138.0242109298706
454.5,0.0,0.0825,-0.013491961,0.13801608979701996,138.01608979701996
455.0,0.0,0.0825,-0.013496033,0.13800793886184692,138.00793886184692
455.5,0.0,0.0825,-0.013500105,0.13799980282783508,137.99980282783508
456.0,0.0,0.0825,-0.013504175,0.13799165189266205,137.99165189266205
456.5,0.0,0.0825,-0.013508257,0.13798348605632782,137.98348605632782
457.0,0.0,0.0825,-0.013512345,0.1379753202199936,137.9753202199936
457.5,0.0,0.0825,-0.01351644,0.13796712458133698,137.96712458133698
458.0,0.0,0.0825,-0.013520524,0.13795895874500275,137.95895874500275
458.5,0.0,0.0825,-0.013524632,0.13795074820518494,137.95074820518494
459.0,0.0,0.0825,-0.013528722,0.13794256746768951,137.9425674676895
459.5,0.0,0.0825,-0.013532844,0.13793431222438812,137.93431222438812
460.0,0.0,0.0825,-0.013536937,0.1379261314868927,137.9261314868927
460.5,0.0,0.0825,-0.013541075,0.13791786134243011,137.91786134243011
461.0,0.0,0.0825,-0.013545168,0.1379096657037735,137.9096657037735
461.5,0.0,0.0825,-0.01354932,0.13790136575698853,137.90136575698853
462.0,0.0,0.0825,-0.013553413,0.1378931850194931,137.8931850194931
462.5,0.0,0.0825,-0.013557576,0.13788485527038574,137.88485527038574
463.0,0.0,0.0825,-0.013561658,0.1378766894340515,137.8766894340515
463.5,0.0,0.0825,-0.013565959,0.13786809146404266,137.86809146404266
464.0,0.0,0.0825,-0.013570028,0.13785995543003082,137.85995543003082
464.5,0.0,0.0825,-0.013574205,0.13785159587860107,137.85159587860107
465.0,0.0,0.0825,-0.013578327,0.13784335553646088,137.84335553646088
465.5,0.0,0.0825,-0.0135825155,0.13783498108386993,137.83498108386993
466.0,0.0,0.0825,-0.013586649,0.13782671093940735,137.82671093940735
466.5,0.0,0.0825,-0.013590839,0.1378183364868164,137.8183364868164
467.0,0.0,0.0825,-0.013595005,0.13780999183654785,137.80999183654785
467.5,0.0,0.0825,-0.013599185,0.1378016322851181,137.8016322851181
468.0,0.0,0.0825,-0.01360337,0.13779327273368835,137.79327273368835
468.5,0.0,0.0825,-0.01360755,0.1377848982810974,137.7848982810974
469.0,0.0,0.0825,-0.013611754,0.13777649402618408,137.77649402618408
469.5,0.0,0.0825,-0.013615933,0.13776813447475433,137.76813447475433
470.0,0.0,0.0825,-0.013620159,0.13775968551635742,137.75968551635742
470.5,0.0,0.0825,-0.013624331,0.13775134086608887,137.75134086608887
471.0,0.0,0.0825,-0.013628579,0.13774284720420837,137.74284720420837
471.5,0.0,0.0825,-0.013632736,0.1377345323562622,137.7345323562622
472.0,0.0,0.0825,-0.013637009,0.13772599399089813,137.72599399089813
472.5,0.0,0.0825,-0.013641149,0.13771770894527435,137.71770894527435
473.0,0.0,0.0825,-0.013645465,0.13770908117294312,137.70908117294312
473.5,0.0,0.0825,-0.013649522,0.13770096004009247,137.70096004009247
474.0,0.0,0.0825,-0.013653858,0.13769228756427765,137.69228756427765
474.5,0.0,0.0825,-0.013658014,0.13768397271633148,137.68397271633148
475.0,0.0,0.0825,-0.013662308,0.13767538964748383,137.67538964748383
475.5,0.0,0.0825,-0.013666494,0.13766701519489288,137.66701519489288
476.0,0.0,0.0825,-0.013670802,0.13765840232372284,137.65840232372284
476.5,0.0,0.0825,-0.013675025,0.13764995336532593,137.64995336532593
477.0,0.0,0.0825,-0.0136792995,0.13764140009880066,137.64140009880066
477.5,0.0,0.0825,-0.01368355,0.13763290643692017,137.63290643692017
478.0,0.0,0.0825,-0.013687834,0.1376243382692337,137.6243382692337
478.5,0.0,0.0825,-0.013692097,0.13761581480503082,137.61581480503082
479.0,0.0,0.0825,-0.0136963865,0.13760723173618317,137.60723173618317
479.5,0.0,0.0825,-0.013700662,0.1375986784696579,137.5986784696579
480.0,0.0,0.0825,-0.013704957,0.13759009540081024,137.59009540081024
480.5,0.0,0.0825,-0.013709243,0.13758152723312378,137.58152723312378
481.0,0.0,0.0825,-0.013713544,0.13757291436195374,137.57291436195374
481.5,0.0,0.0825,-0.0137178395,0.13756433129310608,137.56433129310608
482.0,0.0,0.0825,-0.013722147,0.13755571842193604,137.55571842193604
482.5,0.0,0.0825,-0.013726443,0.13754712045192719,137.54712045192719
483.0,0.0,0.0825,-0.013730761,0.13753849267959595,137.53849267959595
483.5,0.0,0.0825,-0.013735076,0.13752985000610352,137.52985000610352
484.0,0.0,0.0825,-0.013739403,0.13752120733261108,137.52120733261108
484.5,0.0,0.0825,-0.013743718,0.13751256465911865,137.51256465911865
485.0,0.0,0.0825,-0.013748054,0.13750389218330383,137.50389218330383
485.5,0.0,0.0825,-0.013752388,0.1374952346086502,137.4952346086502
486.0,0.0,0.0825,-0.013756735,0.137486532330513,137.486532330513
486.5,0.0,0.0825,-0.013761067,0.13747787475585938,137.47787475585938
487.0,0.0,0.0825,-0.0137654245,0.13746915757656097,137.46915757656097
487.5,0.0,0.0825,-0.013769764,0.13746047019958496,137.46047019958496
488.0,0.0,0.0825,-0.013774133,0.13745173811912537,137.45173811912537
488.5,0.0,0.0825,-0.01377848,0.13744305074214935,137.44305074214935
489.0,0.0,0.0825,-0.01378286,0.13743428885936737,137.43428885936737
489.5,0.0,0.0825,-0.013787211,0.13742558658123016,137.42558658123016
490.0,0.0,0.0825,-0.013791623,0.1374167650938034,137.4167650938034
490.5,0.0,0.0825,-0.0137959765,0.137408047914505,137.408047914505
491.0,0.0,0.0825,-0.013800361,0.13739928603172302,137.39928603172302
491.5,0.0,0.0825,-0.013804724,0.13739055395126343,137.39055395126343
492.0,0.0,0.0825,-0.013809115,0.13738177716732025,137.38177716732025
492.5,0.0,0.0825,-0.013813511,0.13737298548221588,137.37298548221588
493.0,0.0,0.0825,-0.01381789,0.1373642235994339,137.3642235994339
493.5,0.0,0.0825,-0.013822299,0.13735540211200714,137.35540211200714
494.0,0.0,0.0825,-0.013826646,0.13734671473503113,137.34671473503113
494.5,0.0,0.0825,-0.0138310995,0.1373378038406372,137.3378038406372
495.0,0.0,0.0825,-0.013835413,0.13732917606830597,137.32917606830597
495.5,0.0,0.0825,-0.0138399,0.13732020556926727,137.32020556926727
496.0,0.0,0.0825,-0.013844222,0.13731156289577484,137.31156289577484
496.5,0.0,0.0825,-0.0138487145,0.13730257749557495,137.30257749557495
497.0,0.0,0.0825,-0.013853048,0.13729390501976013,137.29390501976013
497.5,0.0,0.0825,-0.013857541,0.13728491961956024,137.28491961956024
498.0,0.0,0.0825,-0.013861918,0.13727617263793945,137.27617263793945
498.5,0.0,0.0825,-0.013866401,0.13726720213890076,137.26720213890076
499.0,0.0,0.0825,-0.013870821,0.1372583657503128,137.2583657503128
499.5,0.0,0.0825,-0.013875296,0.1372494101524353,137.2494101524353
500.0,0.0,0.0825,-0.013879739,0.13724052906036377,137.24052906036377
500.5,0.0,0.0825,-0.013884217,0.13723157346248627,137.23157346248627
501.0,0.0,0.0825,-0.013888684,0.13722263276576996,137.22263276576996
501.5,0.0,0.0825,-0.013893156,0.13721369206905365,137.21369206905365
502.0,0.0,0.0825,-0.013897643,0.13720472157001495,137.20472157001495
502.5,0.0,0.0825,-0.013902115,0.13719578087329865,137.19578087329865
503.0,0.0,0.0825,-0.013906586,0.13718684017658234,137.18684017658234
503.5,0.0,0.0825,-0.013911075,0.13717785477638245,137.17785477638245
504.0,0.0,0.0825,-0.013915583,0.13716883957386017,137.16883957386017
504.5,0.0,0.0825,-0.013920072,0.13715986907482147,137.15986907482147
505.0,0.0,0.0825,-0.01392458,0.1371508538722992,137.1508538722992
505.5,0.0,0.0825,-0.013929091,0.13714182376861572,137.14182376861572
506.0,0.0,0.0825,-0.013933596,0.13713280856609344,137.13280856609344
506.5,0.0,0.0825,-0.013938131,0.13712374866008759,137.12374866008759
507.0,0.0,0.0825,-0.013942627,0.1371147483587265,137.1147483587265
507.5,0.0,0.0825,-0.013947189,0.13710562884807587,137.10562884807587
508.0,0.0,0.0825,-0.013951665,0.13709667325019836,137.09667325019836
508.5,0.0,0.0825,-0.013956258,0.13708749413490295,137.08749413490295
509.0,0.0,0.0825,-0.0139607005,0.13707861304283142,137.07861304283142
509.5,0.0,0.0825,-0.013965321,0.13706935942173004,137.06935942173004
510.0,0.0,0.0825,-0.0139697185,0.13706056773662567,137.06056773662567
510.5,0.0,0.0825,-0.013974389,0.13705122470855713,137.05122470855713
511.0,0.0,0.0825,-0.013978784,0.13704243302345276,137.04243302345276
511.5,0.0,0.0825,-0.013983428,0.137033149600029,137.033149600029
512.0,0.0,0.0825,-0.0139878895,0.13702422380447388,137.02422380447388
512.5,0.0,0.0825,-0.013992529,0.1370149552822113,137.0149552822113
513.0,0.0,0.0825,-0.013997028,0.13700595498085022,137.00595498085022
513.5,0.0,0.0825,-0.014001662,0.13699668645858765,136.99668645858765
514.0,0.0,0.0825,-0.014006191,0.1369876265525818,136.9876265525818
514.5,0.0,0.0825,-0.014010826,0.1369783580303192,136.9783580303192
515.0,0.0,0.0825,-0.01401538,0.13696923851966858,136.96923851966858
515.5,0.0,0.0825,-0.014020014,0.1369599848985672,136.9599848985672
516.0,0.0,0.0825,-0.0140245715,0.13695086538791656,136.95086538791656
516.5,0.0,0.0825,-0.014029217,0.1369415670633316,136.9415670633316
517.0,0.0,0.0825,-0.014033768,0.13693246245384216,136.93246245384216
517.5,0.0,0.0825,-0.014038428,0.136923149228096,136.923149228096
518.0,0.0,0.0825,-0.014042977,0.13691404461860657,136.91404461860657
518.5,0.0,0.0825,-0.014047626,0.1369047462940216,136.9047462940216
519.0,0.0,0.0825,-0.014052179,0.13689565658569336,136.89565658569336
519.5,0.0,0.0825,-0.014056862,0.13688628375530243,136.88628375530243
520.0,0.0,0.0825,-0.014061441,0.1368771195411682,136.8771195411682
520.5,0.0,0.0825,-0.014066123,0.13686776161193848,136.86776161193848
521.0,0.0,0.0825,-0.014070734,0.13685853779315948,136.85853779315948
521.5,0.0,0.0825,-0.014075407,0.13684919476509094,136.84919476509094
522.0,0.0,0.0825,-0.014080042,0.13683992624282837,136.83992624282837
522.5,0.0,0.0825,-0.014084715,0.13683056831359863,136.83056831359863
523.0,0.0,0.0825,-0.01408937,0.13682126998901367,136.82126998901367
523.5,0.0,0.0825,-0.014094056,0.13681189715862274,136.81189715862274
524.0,0.0,0.0825,-0.014098727,0.1368025541305542,136.8025541305542
524.5,0.0,0.0825,-0.014103407,0.13679319620132446,136.79319620132446
525.0,0.0,0.0825,-0.014108092,0.13678382337093353,136.78382337093353
525.5,0.0,0.0825,-0.014112778,0.1367744505405426,136.7744505405426
526.0,0.0,0.0825,-0.014117475,0.13676506280899048,136.76506280899048
526.5,0.0,0.0825,-0.0141221685,0.13675567507743835,136.75567507743835
527.0,0.0,0.0825,-0.014126876,0.13674625754356384,136.74625754356384
527.5,0.0,0.0825,-0.014131579,0.13673685491085052,136.73685491085052
528.0,0.0,0.0825,-0.014136297,0.13672740757465363,136.72740757465363
528.5,0.0,0.0825,-0.014141007,0.1367179900407791,136.7179900407791
529.0,0.0,0.0825,-0.014145726,0.1367085576057434,136.7085576057434
529.5,0.0,0.0825,-0.014150445,0.1366991102695465,136.6991102695465
530.0,0.0,0.0825,-0.014155184,0.13668963313102722,136.68963313102722
530.5,0.0,0.0825,-0.014159912,0.13668018579483032,136.68018579483032
531.0,0.0,0.0825,-0.01416465,0.13667070865631104,136.67070865631104
531.5,0.0,0.0825,-0.0141693875,0.13666123151779175,136.66123151779175
532.0,0.0,0.0825,-0.014174146,0.13665170967578888,136.65170967578888
532.5,0.0,0.0825,-0.014178892,0.1366422176361084,136.6422176361084
533.0,0.0,0.0825,-0.01418365,0.13663271069526672,136.63271069526672
533.5,0.0,0.0825,-0.014188405,0.13662320375442505,136.62320375442505
534.0,0.0,0.0825,-0.014193173,0.136613667011261,136.613667011261
534.5,0.0,0.0825,-0.014197937,0.13660413026809692,136.60413026809692
535.0,0.0,0.0825,-0.014202714,0.13659457862377167,136.59457862377167
535.5,0.0,0.0825,-0.014207488,0.1365850269794464,136.5850269794464
536.0,0.0,0.0825,-0.014212274,0.13657546043395996,136.57546043395996
536.5,0.0,0.0825,-0.014217057,0.1365658938884735,136.5658938884735
537.0,0.0,0.0825,-0.014221853,0.13655629754066467,136.55629754066467
537.5,0.0,0.0825,-0.014226646,0.13654671609401703,136.54671609401703
538.0,0.0,0.0825,-0.014231451,0.136537104845047,136.537104845047
538.5,0.0,0.0825,-0.0142362425,0.13652752339839935,136.52752339839935
539.0,0.0,0.0825,-0.0142410565,0.13651789724826813,136.51789724826813
539.5,0.0,0.0825,-0.014245869,0.1365082710981369,136.5082710981369
540.0,0.0,0.0825,-0.014250691,0.13649863004684448,136.49863004684448
540.5,0.0,0.0825,-0.014255503,0.13648900389671326,136.48900389671326
541.0,0.0,0.0825,-0.014260335,0.13647933304309845,136.47933304309845
541.5,0.0,0.0825,-0.014265167,0.13646967709064484,136.46967709064484
542.0,0.0,0.0825,-0.014270007,0.13645999133586884,136.45999133586884
542.5,0.0,0.0825,-0.014274838,0.13645033538341522,136.45033538341522
543.0,0.0,0.0825,-0.014279688,0.13644063472747803,136.44063472747803
543.5,0.0,0.0825,-0.014284531,0.13643094897270203,136.43094897270203
544.0,0.0,0.0825,-0.0142893875,0.13642123341560364,136.42123341560364
544.5,0.0,0.0825,-0.014294242,0.13641151785850525,136.41151785850525
545.0,0.0,0.0825,-0.014299105,0.13640180230140686,136.40180230140686
545.5,0.0,0.0825,-0.014303973,0.13639205694198608,136.39205694198608
546.0,0.0,0.0825,-0.014308842,0.1363823264837265,136.3823264837265
546.5,0.0,0.0825,-0.014313723,0.13637256622314453,136.37256622314453
547.0,0.0,0.0825,-0.014318594,0.13636282086372375,136.36282086372375
547.5,0.0,0.0825,-0.014323487,0.1363530308008194,136.3530308008194
548.0,0.0,0.0825,-0.01432835,0.13634330034255981,136.34330034255981
548.5,0.0,0.0825,-0.014333269,0.13633346557617188,136.33346557617188
549.0,0.0,0.0825,-0.014338079,0.13632385432720184,136.32385432720184
549.5,0.0,0.0825,-0.0143431695,0.13631366193294525,136.31366193294525
550.0,0.0,0.0825,-0.014347998,0.13630400598049164,136.30400598049164
550.5,0.0,0.0825,-0.014352917,0.1362941712141037,136.2941712141037
551.0,0.0,0.0825,-0.0143578015,0.13628441095352173,136.28441095352173
551.5,0.0,0.0825,-0.0143626835,0.13627463579177856,136.27463579177856
552.0,0.0,0.0825,-0.014367476,0.13626505434513092,136.26505434513092
552.5,0.0,0.0825,-0.0143722305,0.13625554740428925,136.25554740428925
553.0,0.0,0.0825,-0.014376928,0.13624614477157593,136.24614477157593
553.5,0.0,0.0825,-0.014381791,0.13623642921447754,136.23642921447754
554.0,0.0,0.0825,-0.014386678,0.13622665405273438,136.22665405273438
554.5,0.0,0.0825,-0.014391632,0.13621674478054047,136.21674478054047
555.0,0.0,0.0825,-0.014396542,0.13620692491531372,136.20692491531372
555.5,0.0,0.0825,-0.014401529,0.13619694113731384,136.19694113731384
556.0,0.0,0.0825,-0.014406429,0.13618715107440948,136.18715107440948
556.5,0.0,0.0825,-0.014411444,0.13617712259292603,136.17712259292603
557.0,0.0,0.0825,-0.014416328,0.13616734743118286,136.16734743118286
557.5,0.0,0.0825,-0.014421396,0.13615721464157104,136.15721464157104
558.0,0.0,0.0825,-0.014426195,0.1361476182937622,136.1476182937622
558.5,0.0,0.0825,-0.014431281,0.1361374408006668,136.1374408006668
559.0,0.0,0.0825,-0.014436185,0.13612763583660126,136.12763583660126
559.5,0.0,0.0825,-0.014441222,0.13611756265163422,136.11756265163422
560.0,0.0,0.0825,-0.01444616,0.1361076831817627,136.1076831817627
560.5,0.0,0.0825,-0.0144512,0.13609760999679565,136.09760999679565
561.0,0.0,0.0825,-0.014456171,0.13608767092227936,136.08767092227936
561.5,0.0,0.0825,-0.014461199,0.1360776126384735,136.0776126384735
562.0,0.0,0.0825,-0.014466193,0.13606762886047363,136.06762886047363
562.5,0.0,0.0825,-0.014471222,0.1360575556755066,136.0575556755066
563.0,0.0,0.0825,-0.014476233,0.13604754209518433,136.04754209518433
563.5,0.0,0.0825,-0.014481267,0.13603746891021729,136.03746891021729
564.0,0.0,0.0825,-0.014486292,0.13602742552757263,136.02742552757263
564.5,0.0,0.0825,-0.014491353,0.13601729273796082,136.01729273796082
565.0,0.0,0.0825,-0.01449639,0.13600721955299377,136.00721955299377
565.5,0.0,0.0825,-0.014501434,0.13599714636802673,135.99714636802673
566.0,0.0,0.0825,-0.014506487,0.1359870284795761,135.9870284795761
566.5,0.0,0.0825,-0.01451154,0.13597692549228668,135.97692549228668
567.0,0.0,0.0825,-0.014516592,0.13596682250499725,135.96682250499725
567.5,0.0,0.0825,-0.014521655,0.13595670461654663,135.95670461654663
568.0,0.0,0.0825,-0.014526727,0.13594655692577362,135.94655692577362
568.5,0.0,0.0825,-0.014531799,0.1359364092350006,135.9364092350006
569.0,0.0,0.0825,-0.014536869,0.1359262764453888,135.9262764453888
569.5,0.0,0.0825,-0.014541952,0.1359160989522934,135.9160989522934
570.0,0.0,0.0825,-0.014547039,0.135905921459198,135.905921459198
570.5,0.0,0.0825,-0.014552132,0.1358957439661026,135.8957439661026
571.0,0.0,0.0825,-0.014557216,0.1358855664730072,135.8855664730072
571.5,0.0,0.0825,-0.014562318,0.1358753740787506,135.8753740787506
572.0,0.0,0.0825,-0.014567407,0.1358651965856552,135.8651965856552
572.5,0.0,0.0825,-0.014572514,0.13585497438907623,135.85497438907623
573.0,0.0,0.0825,-0.0145776095,0.13584478199481964,135.84478199481964
573.5,0.0,0.0825,-0.014582711,0.13583458960056305,135.83458960056305
574.0,0.0,0.0825,-0.014587838,0.1358243227005005,135.8243227005005
574.5,0.0,0.0825,-0.014592928,0.1358141452074051,135.8141452074051
575.0,0.0,0.0825,-0.0145980725,0.13580386340618134,135.80386340618134
575.5,0.0,0.0825,-0.014603127,0.1357937455177307,135.7937455177307
576.0,0.0,0.0825,-0.014608317,0.1357833743095398,135.7833743095398
576.5,0.0,0.0825,-0.014613346,0.13577331602573395,135.77331602573395
577.0,0.0,0.0825,-0.014618574,0.13576285541057587,135.76285541057587
577.5,0.0,0.0825,-0.014623603,0.13575279712677002,135.75279712677002
578.0,0.0,0.0825,-0.014628847,0.13574230670928955,135.74230670928955
578.5,0.0,0.0825,-0.0146338735,0.1357322633266449,135.7322633266449
579.0,0.0,0.0825,-0.014639118,0.13572177290916443,135.72177290916443
579.5,0.0,0.0825,-0.014644186,0.1357116401195526,135.7116401195526
580.0,0.0,0.0825,-0.014649423,0.13570116460323334,135.70116460323334
580.5,0.0,0.0825,-0.014654538,0.13569092750549316,135.69092750549316
581.0,0.0,0.0825,-0.014659761,0.13568048179149628,135.68048179149628
581.5,0.0,0.0825,-0.0146649005,0.13567019999027252,135.67019999027252
582.0,0.0,0.0825,-0.014670122,0.13565975427627563,135.65975427627563
582.5,0.0,0.0825,-0.0146752875,0.1356494277715683,135.6494277715683
583.0,0.0,0.0825,-0.014680488,0.135639026761055,135.639026761055
583.5,0.0,0.0825,-0.0146856755,0.13562865555286407,135.62865555286407
584.0,0.0,0.0825,-0.01469089,0.13561822474002838,135.61822474002838
584.5,0.0,0.0825,-0.0146960905,0.13560782372951508,135.60782372951508
585.0,0.0,0.0825,-0.014701306,0.13559739291667938,135.59739291667938
585.5,0.0,0.0825,-0.014706536,0.1355869323015213,135.5869323015213
586.0,0.0,0.0825,-0.014711738,0.135576531291008,135.576531291008
586.5,0.0,0.0825,-0.014717,0.13556601107120514,135.56601107120514
587.0,0.0,0.0825,-0.014722168,0.1355556696653366,135.5556696653366
587.5,0.0,0.0825,-0.014727464,0.13554507493972778,135.54507493972778
588.0,0.0,0.0825,-0.014732611,0.13553477823734283,135.53477823734283
588.5,0.0,0.0825,-0.014737955,0.13552409410476685,135.52409410476685
589.0,0.0,0.0825,-0.014743108,0.1355137825012207,135.5137825012207
589.5,0.0,0.0825,-0.014748649,0.13550271093845367,135.50271093845367
590.0,0.0,0.0825,-0.014753924,0.13549216091632843,135.49216091632843
590.5,0.0,0.0825,-0.01475935,0.1354813128709793,135.4813128709793
591.0,0.0,0.0825,-0.014764543,0.1354709267616272,135.4709267616272
591.5,0.0,0.0825,-0.014769893,0.13546022772789001,135.46022772789001
592.0,0.0,0.0825,-0.014775117,0.13544976711273193,135.44976711273193
592.5,0.0,0.0825,-0.014780473,0.13543906807899475,135.43906807899475
593.0,0.0,0.0825,-0.014785772,0.13542845845222473,135.42845845222473
593.5,0.0,0.0825,-0.014791113,0.13541777431964874,135.41777431964874
594.0,0.0,0.0825,-0.0147964535,0.13540710508823395,135.40710508823395
594.5,0.0,0.0825,-0.014801742,0.13539652526378632,135.39652526378632
595.0,0.0,0.0825,-0.0148070725,0.13538585603237152,135.38585603237152
595.5,0.0,0.0825,-0.014812297,0.13537541031837463,135.37541031837463
596.0,0.0,0.0825,-0.014817579,0.1353648453950882,135.3648453950882
596.5,0.0,0.0825,-0.014822646,0.13535471260547638,135.35471260547638
597.0,0.0,0.0825,-0.014827784,0.13534444570541382,135.34444570541382
597.5,0.0,0.0825,-0.014832873,0.13533425331115723,135.33425331115723
598.0,0.0,0.0825,-0.014838185,0.1353236436843872,135.3236436843872
598.5,0.0,0.0825,-0.014843432,0.13531313836574554,135.31313836574554
599.0,0.0,0.0825,-0.014848786,0.13530243933200836,135.30243933200836
599.5,0.0,0.0825,-0.014854102,0.13529179990291595,135.29179990291595
600.0,0.0,0.0825,-0.014859467,0.13528107106685638,135.28107106685638
600.5,0.0,0.0825,-0.0148648005,0.1352704018354416,135.2704018354416
601.0,0.0,0.0825,-0.0148701705,0.13525965809822083,135.25965809822083
601.5,0.0,0.0825,-0.014875522,0.13524895906448364,135.24895906448364
602.0,0.0,0.0825,-0.014880894,0.13523821532726288,135.23821532726288
602.5,0.0,0.0825,-0.014886262,0.1352274864912033,135.2274864912033
603.0,0.0,0.0825,-0.014891638,0.13521672785282135,135.21672785282135
603.5,0.0,0.0825,-0.01489701,0.13520598411560059,135.2059841156006
604.0,0.0,0.0825,-0.014902403,0.13519519567489624,135.19519567489624
604.5,0.0,0.0825,-0.014907787,0.13518443703651428,135.18443703651428
605.0,0.0,0.0825,-0.014913187,0.13517363369464874,135.17363369464874
605.5,0.0,0.0825,-0.014918582,0.1351628452539444,135.1628452539444
606.0,0.0,0.0825,-0.014923981,0.13515204191207886,135.15204191207886
606.5,0.0,0.0825,-0.014929385,0.13514123857021332,135.14123857021332
607.0,0.0,0.0825,-0.014934794,0.13513042032718658,135.13042032718658
607.5,0.0,0.0825,-0.014940209,0.13511958718299866,135.11958718299866
608.0,0.0,0.0825,-0.0149456365,0.13510873913764954,135.10873913764954
608.5,0.0,0.0825,-0.0149510605,0.13509789109230042,135.09789109230042
609.0,0.0,0.0825,-0.01495651,0.13508698344230652,135.08698344230652
609.5,0.0,0.0825,-0.014961939,0.1350761353969574,135.0761353969574
610.0,0.0,0.0825,-0.0149673745,0.1350652575492859,135.0652575492859
610.5,0.0,0.0825,-0.014972818,0.13505436480045319,135.0543648004532
611.0,0.0,0.0825,-0.014978264,0.13504347205162048,135.04347205162048
611.5,0.0,0.0825,-0.0149837155,0.13503257930278778,135.03257930278778
612.0,0.0,0.0825,-0.014989172,0.1350216567516327,135.0216567516327
612.5,0.0,0.0825,-0.014994631,0.1350107491016388,135.0107491016388
613.0,0.0,0.0825,-0.0150001,0.1349998116493225,134.9998116493225
613.5,0.0,0.0825,-0.015005553,0.1349889039993286,134.9889039993286
614.0,0.0,0.0825,-0.015011036,0.13497793674468994,134.97793674468994
614.5,0.0,0.0825,-0.015016502,0.13496699929237366,134.96699929237366
615.0,0.0,0.0825,-0.015021997,0.1349560171365738,134.9560171365738
615.5,0.0,0.0825,-0.015027457,0.1349450945854187,134.9450945854187
616.0,0.0,0.0825,-0.015032966,0.13493406772613525,134.93406772613525
616.5,0.0,0.0825,-0.01503841,0.13492318987846375,134.92318987846375
617.0,0.0,0.0825,-0.015044019,0.13491196930408478,134.91196930408478
617.5,0.0,0.0825,-0.0150494585,0.13490109145641327,134.90109145641327
618.0,0.0,0.0825,-0.015054988,0.13489003479480743,134.89003479480743
618.5,0.0,0.0825,-0.015060474,0.13487905263900757,134.87905263900757
619.0,0.0,0.0825,-0.015066008,0.13486799597740173,134.86799597740173
619.5,0.0,0.0825,-0.015071507,0.13485699892044067,134.85699892044067
620.0,0.0,0.0825,-0.015077049,0.13484591245651245,134.84591245651245
620.5,0.0,0.0825,-0.015082561,0.134834885597229,134.834885597229
621.0,0.0,0.0825,-0.015088113,0.1348237842321396,134.8237842321396
621.5,0.0,0.0825,-0.015093636,0.13481274247169495,134.81274247169495
622.0,0.0,0.0825,-0.015099196,0.13480161130428314,134.80161130428314
622.5,0.0,0.0825,-0.015104729,0.1347905546426773,134.7905546426773
623.0,0.0,0.0825,-0.01511028,0.1347794532775879,134.7794532775879
623.5,0.0,0.0825,-0.0151158525,0.1347683072090149,134.7683072090149
624.0,0.0,0.0825,-0.015121425,0.1347571611404419,134.7571611404419
624.5,0.0,0.0825,-0.015126974,0.13474605977535248,134.74605977535248
625.0,0.0,0.0825,-0.015132558,0.1347348988056183,134.7348988056183
625.5,0.0,0.0825,-0.015138112,0.13472378253936768,134.72378253936768
626.0,0.0,0.0825,-0.015143722,0.1347125619649887,134.7125619649887
626.5,0.0,0.0825,-0.015149288,0.1347014307975769,134.7014307975769
627.0,0.0,0.0825,-0.015154886,0.13469024002552032,134.69024002552032
627.5,0.0,0.0825,-0.015160456,0.13467909395694733,134.67909395694733
628.0,0.0,0.0825,-0.015166079,0.13466784358024597,134.66784358024597
628.5,0.0,0.0825,-0.015171641,0.13465672731399536,134.65672731399536
629.0,0.0,0.0825,-0.015177286,0.13464543223381042,134.64543223381042
629.5,0.0,0.0825,-0.015182833,0.1346343457698822,134.6343457698822
630.0,0.0,0.0825,-0.015188506,0.1346229910850525,134.6229910850525
630.5,0.0,0.0825,-0.015194034,0.13461193442344666,134.61193442344666
631.0,0.0,0.0825,-0.01519977,0.1346004605293274,134.6004605293274
631.5,0.0,0.0825,-0.015205212,0.13458958268165588,134.58958268165588
632.0,0.0,0.0825,-0.0152109545,0.13457809388637543,134.57809388637543
632.5,0.0,0.0825,-0.015216493,0.1345670223236084,134.5670223236084
633.0,0.0,0.0825,-0.015222202,0.1345556080341339,134.5556080341339
633.5,0.0,0.0825,-0.015227776,0.1345444619655609,134.5444619655609
634.0,0.0,0.0825,-0.015233467,0.1345330774784088,134.5330774784088
634.5,0.0,0.0825,-0.015239084,0.13452184200286865,134.52184200286865
635.0,0.0,0.0825,-0.015244764,0.13451047241687775,134.51047241687775
635.5,0.0,0.0825,-0.015250404,0.134499192237854,134.499192237854
636.0,0.0,0.0825,-0.015256094,0.1344878226518631,134.4878226518631
636.5,0.0,0.0825,-0.015261743,0.13447651267051697,134.47651267051697
637.0,0.0,0.0825,-0.015267449,0.13446511328220367,134.46511328220367
637.5,0.0,0.0825,-0.015273108,0.13445378839969635,134.45378839969635
638.0,0.0,0.0825,-0.015278701,0.13444259762763977,134.44259762763977
638.5,0.0,0.0825,-0.015284201,0.1344316005706787,134.4316005706787
639.0,0.0,0.0825,-0.01528955,0.13442090153694153,134.42090153694153
639.5,0.0,0.0825,-0.015294944,0.13441011309623718,134.41011309623718
640.0,0.0,0.0825,-0.015300295,0.1343994140625,134.3994140625
640.5,0.0,0.0825,-0.015305702,0.13438859581947327,134.38859581947327
641.0,0.0,0.0825,-0.015311031,0.13437794148921967,134.37794148921967
641.5,0.0,0.0825,-0.015316496,0.13436701893806458,134.36701893806458
642.0,0.0,0.0825,-0.01532174,0.1343565285205841,134.3565285205841
642.5,0.0,0.0825,-0.015327336,0.13434533774852753,134.34533774852753
643.0,0.0,0.0825,-0.01533241,0.13433519005775452,134.33519005775452
643.5,0.0,0.0825,-0.015338281,0.13432344794273376,134.32344794273376
644.0,0.0,0.0825,-0.015342966,0.13431407511234283,134.31407511234283
644.5,0.0,0.0825,-0.015349371,0.13430126011371613,134.30126011371613
645.0,0.0,0.0825,-0.015353329,0.1342933475971222,134.2933475971222
645.5,0.0,0.0825,-0.015360574,0.13427886366844177,134.27886366844177
646.0,0.0,0.0825,-0.015363114,0.13427378237247467,134.27378237247467
646.5,0.0,0.0825,-0.015371059,0.13425788283348083,134.25788283348083
647.0,0.0,0.0825,-0.015370708,0.13425859808921814,134.25859808921814
647.5,0.0,0.0825,-0.015379887,0.13424023985862732,134.24023985862732
648.0,0.0,0.0825,-0.015377717,0.13424457609653473,134.24457609653473
648.5,0.0,0.0825,-0.015396927,0.1342061460018158,134.2061460018158
649.0,0.0,0.0825,-0.015438663,0.13412268459796906,134.12268459796906
649.5,0.0,0.0825,-0.015534624,0.1339307576417923,133.9307576417923
650.0,0.0,0.0825,-0.015933834,0.13313233852386475,133.13233852386475
