film_length_coordinate_mm,X_distance_from_deformation_center_mm,CPRESS_10pct_centerline_surface_average_MPa,CPRESS_20pct_centerline_surface_average_MPa,CPRESS_10pct_width_and_surface_average_MPa,CPRESS_20pct_width_and_surface_average_MPa,CPRESS_10pct_width_maximum_MPa,CPRESS_20pct_width_maximum_MPa
0,-5,0,0,0,0,0,0
0.09999990463,-4.900000095,0,0,0,0,0,0
0.1999998093,-4.800000191,0,0,0,0,0,0
0.3000001907,-4.699999809,0,0,0,0,0,0
0.4000000954,-4.599999905,0,0,0,0,0,0
0.5,-4.5,0,0,0,0,0,0
0.5999999046,-4.400000095,0,0,0,0,0,0
0.6999998093,-4.300000191,0,0,0,0,0,0
0.8000001907,-4.199999809,0,0,0,0,0,0
0.9000000954,-4.099999905,0,0,0,0,0,0
1,-4,0,0,0,0,0,0
1.099999905,-3.900000095,0,0,0,0,0,0
1.200000048,-3.799999952,0,0,0,0,0,0
1.299999952,-3.700000048,0,0,0,0,0,0
1.400000095,-3.599999905,0,0,0,0,0,0
1.5,-3.5,0,0,0,0,0,0
1.599999905,-3.400000095,0,0,0,0,0,0
1.700000048,-3.299999952,0,0,0,0,0,0
1.799999952,-3.200000048,0,0,0,0,0,0
1.900000095,-3.099999905,0,0,0,0,0,0
2,-3,0,0,0,0,0,0
2.099999905,-2.900000095,0,0,0,0,0,0
2.200000048,-2.799999952,0,0,0,0,0,0
2.299999952,-2.700000048,0,0,0,0,0,0
2.400000095,-2.599999905,0,0,0,0,0,0
2.5,-2.5,0,0,0,0.009731975156,0,0.503839612
2.599999905,-2.400000095,0,0,0,0.2881185218,0,6.754199028
2.700000048,-2.299999952,0,0.412972793,0,2.349389529,0,30.35451126
2.799999952,-2.200000048,0,6.056757689,0,9.8617719,0,56.09010315
2.900000095,-2.099999905,0,28.16889858,0,31.19247883,0,82.76937866
3,-2,0,50.38399124,0,55.90556885,0,107.1310883
3.100000024,-1.899999976,0,72.87817764,0.01060606465,78.08395229,0.8807522655,126.7059326
3.200000048,-1.799999952,0,93.68974686,0.1796716522,98.2508159,10.04446602,144.468811
3.299999952,-1.700000048,0,110.5884209,1.159111731,114.9302816,38.08041763,161.1876221
3.399999976,-1.600000024,2.427214861,126.2208481,5.882175391,130.686211,66.75496674,177.2289581
3.5,-1.5,19.58717155,140.6978149,24.37424474,145.0433083,90.14323425,191.5925903
3.600000024,-1.399999976,39.66938019,154.6732712,44.33736996,158.882038,110.9850159,205.093689
3.700000048,-1.299999952,56.61348724,166.2019348,61.04769788,170.2828552,128.7719269,217.1749115
3.799999952,-1.200000048,71.6871109,177.19207,76.01730362,181.295848,145.7624969,228.3556519
3.899999976,-1.100000024,84.08206177,187.2762527,88.3786972,191.1251297,160.3663635,238.1903534
4,-1,96.01647949,196.4797974,100.181809,200.335279,174.0892639,247.4357452
4.100000024,-0.8999999762,105.4311676,204.0860977,109.6804521,207.868433,185.7233887,254.9826508
4.199999988,-0.8000000119,114.4382629,211.1290131,118.6672886,214.8956188,196.9048767,262.4162598
4.300000012,-0.6999999881,121.6664429,216.9291763,125.9070147,220.6501191,205.8580017,268.4742432
4.399999976,-0.6000000238,128.5112152,222.6664505,132.7507915,226.2771904,214.2575836,273.9237061
4.5,-0.5,133.3113098,226.4613647,137.5604911,230.0534828,220.2441254,277.6377869
4.599999994,-0.400000006,137.6929016,229.7917862,141.9292884,233.3892002,225.3901062,281.1560669
4.699999988,-0.3000000119,140.6749268,232.3995438,144.9101813,235.9396995,228.8978882,283.506134
4.799999997,-0.200000003,143.3263702,234.7266006,147.5617167,238.2227568,232.0554962,285.6632996
4.899999999,-0.1000000015,144.4720306,235.5016785,148.7085831,239.0129299,233.46698,286.6191101
5,0,145.241333,236.023201,149.4782276,239.5578631,234.3752136,287.3721924
5.100000001,0.1000000015,144.4720306,235.5016785,148.7085831,239.0129299,233.46698,286.6191101
5.200000003,0.200000003,143.3263702,234.7266006,147.5617167,238.2227568,232.0554962,285.6632996
5.300000012,0.3000000119,140.6749268,232.3995438,144.9101813,235.9396995,228.8978882,283.506134
5.400000006,0.400000006,137.6929016,229.7917862,141.9292884,233.3892002,225.3901062,281.1560669
5.5,0.5,133.3113098,226.4613647,137.5604911,230.0534828,220.2441254,277.6377869
5.600000024,0.6000000238,128.5112152,222.6664505,132.7507915,226.2771904,214.2575836,273.9237061
5.699999988,0.6999999881,121.6664429,216.9291763,125.9070147,220.6501191,205.8580017,268.4742432
5.800000012,0.8000000119,114.4382629,211.1290131,118.6672886,214.8956188,196.9048767,262.4162598
5.899999976,0.8999999762,105.4311676,204.0860977,109.6804521,207.868433,185.7233887,254.9826508
6,1,96.01647949,196.4797974,100.181809,200.335279,174.0892639,247.4357452
6.100000024,1.100000024,84.08206177,187.2762527,88.3786972,191.1251297,160.3663635,238.1903534
6.200000048,1.200000048,71.6871109,177.19207,76.01730362,181.295848,145.7624969,228.3556519
6.299999952,1.299999952,56.61348724,166.2019348,61.04769788,170.2828552,128.7719269,217.1749115
6.399999976,1.399999976,39.66938019,154.6732712,44.33736996,158.882038,110.9850159,205.093689
6.5,1.5,19.58717155,140.6978149,24.37424474,145.0433083,90.14323425,191.5925903
6.600000024,1.600000024,2.427214861,126.2208481,5.882175391,130.686211,66.75496674,177.2289581
6.700000048,1.700000048,0,110.5884209,1.159111731,114.9302816,38.08041763,161.1876221
6.799999952,1.799999952,0,93.68974686,0.1796716522,98.2508159,10.04446602,144.468811
6.899999976,1.899999976,0,72.87817764,0.01060606465,78.08395229,0.8807522655,126.7059326
7,2,0,50.38399124,0,55.90556885,0,107.1310883
7.099999905,2.099999905,0,28.16889858,0,31.19247883,0,82.76937866
7.200000048,2.200000048,0,6.056757689,0,9.8617719,0,56.09010315
7.299999952,2.299999952,0,0.412972793,0,2.349389529,0,30.35451126
7.400000095,2.400000095,0,0,0,0.2881185218,0,6.754199028
7.5,2.5,0,0,0,0.009731975156,0,0.503839612
7.599999905,2.599999905,0,0,0,0,0,0
7.700000048,2.700000048,0,0,0,0,0,0
7.799999952,2.799999952,0,0,0,0,0,0
7.900000095,2.900000095,0,0,0,0,0,0
8,3,0,0,0,0,0,0
8.099999905,3.099999905,0,0,0,0,0,0
8.200000048,3.200000048,0,0,0,0,0,0
8.299999952,3.299999952,0,0,0,0,0,0
8.400000095,3.400000095,0,0,0,0,0,0
8.5,3.5,0,0,0,0,0,0
8.599999905,3.599999905,0,0,0,0,0,0
8.700000048,3.700000048,0,0,0,0,0,0
8.799999952,3.799999952,0,0,0,0,0,0
8.900000095,3.900000095,0,0,0,0,0,0
9,4,0,0,0,0,0,0
9.099999905,4.099999905,0,0,0,0,0,0
9.199999809,4.199999809,0,0,0,0,0,0
9.300000191,4.300000191,0,0,0,0,0,0
9.400000095,4.400000095,0,0,0,0,0,0
9.5,4.5,0,0,0,0,0,0
9.599999905,4.599999905,0,0,0,0,0,0
9.699999809,4.699999809,0,0,0,0,0,0
9.800000191,4.800000191,0,0,0,0,0,0
9.900000095,4.900000095,0,0,0,0,0,0
10,5,0,0,0,0,0,0
