x0_mm,z0_mm,x_final_mid_mm,final_thickness_mm,min_thickness_during_rolling_mm,min_time_in_rolling_s,rebound_final_minus_min_mm,rebound_pct_of_min_compression,final_reduction_pct,min_reduction_pct,final_le_target_0p135,top_node,bottom_node
-1.92307675,-50.00000000,-1.83162022,0.138351411,0.138351411,0.150000006,0.000000000,0.000000,7.765730,7.765730,0,70,179
-1.92307675,-47.50000000,-1.83161998,0.138363078,0.138363078,0.150000006,0.000000000,0.000000,7.757951,7.757951,0,951,1419
-1.92307675,-44.99999619,-1.83161855,0.138366282,0.138366282,0.150000006,0.000000000,0.000000,7.755816,7.755816,0,950,1418
-1.92307675,-42.50000000,-1.83161628,0.138364092,0.138364092,0.150000006,0.000000000,0.000000,7.757276,7.757276,0,949,1417
-1.92307675,-40.00000000,-1.83161342,0.138361126,0.138361126,0.150000006,0.000000000,0.000000,7.759253,7.759253,0,948,1416
-1.92307675,-37.50000000,-1.83160961,0.138349548,0.138349548,0.150000006,0.000000000,0.000000,7.766972,7.766972,0,947,1415
-1.92307675,-35.00000000,-1.83160579,0.138349429,0.138349429,0.150000006,0.000000000,0.000000,7.767051,7.767051,0,946,1414
-1.92307675,-32.50000000,-1.83160198,0.138366580,0.138366580,0.150000006,0.000000000,0.000000,7.755617,7.755617,0,945,1413
-1.92307675,-30.00000000,-1.83159888,0.138365999,0.138365999,0.150000006,0.000000000,0.000000,7.756004,7.756004,0,944,1412
-1.92307675,-27.50000191,-1.83159530,0.138349846,0.138349846,0.150000006,0.000000000,0.000000,7.766773,7.766773,0,943,1411
-1.92307675,-25.00000000,-1.83159232,0.138347402,0.138347402,0.150000006,0.000000000,0.000000,7.768402,7.768402,0,942,1410
-1.92307675,-22.49999809,-1.83158994,0.138345212,0.138345212,0.150000006,0.000000000,0.000000,7.769863,7.769863,0,941,1409
-1.92307675,-20.00000000,-1.83158755,0.138345122,0.138345122,0.150000006,0.000000000,0.000000,7.769922,7.769922,0,940,1408
-1.92307675,-17.50000000,-1.83158576,0.138345987,0.138345987,0.150000006,0.000000000,0.000000,7.769346,7.769346,0,939,1407
-1.92307675,-15.00000000,-1.83158422,0.138346627,0.138346627,0.150000006,0.000000000,0.000000,7.768919,7.768919,0,938,1406
-1.92307675,-12.50000000,-1.83158314,0.138347358,0.138347358,0.150000006,0.000000000,0.000000,7.768432,7.768432,0,937,1405
-1.92307675,-10.00000000,-1.83158207,0.138351291,0.138351291,0.150000006,0.000000000,0.000000,7.765809,7.765809,0,936,1404
-1.92307675,-7.50000000,-1.83158171,0.138363078,0.138363078,0.150000006,0.000000000,0.000000,7.757951,7.757951,0,935,1403
-1.92307675,-5.00000000,-1.83158100,0.138379380,0.138379380,0.150000006,0.000000000,0.000000,7.747084,7.747084,0,934,1402
-1.92307675,-2.50000000,-1.83158052,0.138381258,0.138381258,0.150000006,0.000000000,0.000000,7.745832,7.745832,0,933,1401
-1.92307675,0.00000000,-1.83158016,0.138372570,0.138372570,0.150000006,0.000000000,0.000000,7.751624,7.751624,0,932,1400
-1.92307675,2.50000000,-1.83158052,0.138364524,0.138364524,0.150000006,0.000000000,0.000000,7.756988,7.756988,0,931,1399
-1.92307675,5.00000000,-1.83158076,0.138359725,0.138359725,0.150000006,0.000000000,0.000000,7.760186,7.760186,0,930,1398
-1.92307675,7.50000000,-1.83158147,0.138358042,0.138358042,0.150000006,0.000000000,0.000000,7.761309,7.761309,0,929,1397
-1.92307675,10.00000000,-1.83158278,0.138356388,0.138356388,0.150000006,0.000000000,0.000000,7.762412,7.762412,0,928,1396
-1.92307675,12.50000000,-1.83158445,0.138352856,0.138352856,0.150000006,0.000000000,0.000000,7.764766,7.764766,0,927,1395
-1.92307675,15.00000000,-1.83158517,0.138348490,0.138348490,0.150000006,0.000000000,0.000000,7.767677,7.767677,0,926,1394
-1.92307675,17.50000000,-1.83158660,0.138352245,0.138352245,0.150000006,0.000000000,0.000000,7.765174,7.765174,0,925,1393
-1.92307675,20.00000000,-1.83158827,0.138369143,0.138369143,0.150000006,0.000000000,0.000000,7.753909,7.753909,0,924,1392
-1.92307675,22.49999809,-1.83159065,0.138376847,0.138376847,0.150000006,0.000000000,0.000000,7.748772,7.748772,0,923,1391
-1.92307675,25.00000000,-1.83159316,0.138357788,0.138357788,0.150000006,0.000000000,0.000000,7.761478,7.761478,0,922,1390
-1.92307675,27.50000191,-1.83159566,0.138344720,0.138344720,0.150000006,0.000000000,0.000000,7.770190,7.770190,0,921,1389
-1.92307675,30.00000000,-1.83159816,0.138342142,0.138342142,0.150000006,0.000000000,0.000000,7.771909,7.771909,0,920,1388
-1.92307675,32.50000000,-1.83160102,0.138341740,0.138341740,0.150000006,0.000000000,0.000000,7.772177,7.772177,0,919,1387
-1.92307675,35.00000000,-1.83160400,0.138341352,0.138341352,0.150000006,0.000000000,0.000000,7.772435,7.772435,0,918,1386
-1.92307675,37.50000000,-1.83160698,0.138342813,0.138342813,0.150000006,0.000000000,0.000000,7.771462,7.771462,0,917,1385
-1.92307675,40.00000000,-1.83161032,0.138343155,0.138343155,0.150000006,0.000000000,0.000000,7.771233,7.771233,0,916,1384
-1.92307675,42.50000000,-1.83161318,0.138342679,0.138342679,0.150000006,0.000000000,0.000000,7.771552,7.771552,0,915,1383
-1.92307675,44.99999619,-1.83161545,0.138343006,0.138343006,0.150000006,0.000000000,0.000000,7.771333,7.771333,0,914,1382
-1.92307675,47.50000000,-1.83161688,0.138346136,0.138346136,0.150000006,0.000000000,0.000000,7.769246,7.769246,0,913,1381
-1.92307675,50.00000000,-1.83161724,0.138348013,0.138348013,0.150000006,0.000000000,0.000000,7.767995,7.767995,0,128,223
-1.61538470,-50.00000000,-1.49035144,0.135643557,0.135643557,0.150000006,0.000000000,0.000000,9.570966,9.570966,0,69,180
-1.61538470,-47.50000000,-1.49035108,0.135646313,0.135646313,0.150000006,0.000000000,0.000000,9.569128,9.569128,0,912,1380
-1.61538470,-44.99999619,-1.49034953,0.135650441,0.135650441,0.150000006,0.000000000,0.000000,9.566376,9.566376,0,911,1379
-1.61538470,-42.50000000,-1.49034679,0.135652065,0.135652065,0.150000006,0.000000000,0.000000,9.565293,9.565293,0,910,1378
-1.61538470,-40.00000000,-1.49034333,0.135651559,0.135651559,0.150000006,0.000000000,0.000000,9.565631,9.565631,0,909,1377
-1.61538470,-37.50000000,-1.49033880,0.135649785,0.135649785,0.150000006,0.000000000,0.000000,9.566813,9.566813,0,908,1376
-1.61538470,-35.00000000,-1.49033439,0.135650545,0.135650545,0.150000006,0.000000000,0.000000,9.566306,9.566306,0,907,1375
-1.61538470,-32.50000000,-1.49033010,0.135653615,0.135653615,0.150000006,0.000000000,0.000000,9.564260,9.564260,0,906,1374
-1.61538470,-30.00000000,-1.49032605,0.135653570,0.135653570,0.150000006,0.000000000,0.000000,9.564290,9.564290,0,905,1373
-1.61538470,-27.50000191,-1.49032164,0.135650665,0.135650665,0.150000006,0.000000000,0.000000,9.566227,9.566227,0,904,1372
-1.61538470,-25.00000000,-1.49031782,0.135649189,0.135649189,0.150000006,0.000000000,0.000000,9.567211,9.567211,0,903,1371
-1.61538470,-22.49999809,-1.49031472,0.135647312,0.135647312,0.150000006,0.000000000,0.000000,9.568463,9.568463,0,902,1370
-1.61538470,-20.00000000,-1.49031222,0.135648221,0.135648221,0.150000006,0.000000000,0.000000,9.567856,9.567856,0,901,1369
-1.61538470,-17.50000000,-1.49031055,0.135649219,0.135649219,0.150000006,0.000000000,0.000000,9.567191,9.567191,0,900,1368
-1.61538470,-15.00000000,-1.49030948,0.135647312,0.135647312,0.150000006,0.000000000,0.000000,9.568463,9.568463,0,899,1367
-1.61538470,-12.50000000,-1.49030936,0.135644034,0.135644034,0.150000006,0.000000000,0.000000,9.570648,9.570648,0,898,1366
-1.61538470,-10.00000000,-1.49030960,0.135641634,0.135641634,0.150000006,0.000000000,0.000000,9.572247,9.572247,0,897,1365
-1.61538470,-7.50000000,-1.49031067,0.135645598,0.135645598,0.150000006,0.000000000,0.000000,9.569605,9.569605,0,896,1364
-1.61538470,-5.00000000,-1.49031067,0.135651559,0.135651559,0.150000006,0.000000000,0.000000,9.565631,9.565631,0,895,1363
-1.61538470,-2.50000000,-1.49031031,0.135654375,0.135654375,0.150000006,0.000000000,0.000000,9.563754,9.563754,0,894,1362
-1.61538470,0.00000000,-1.49030972,0.135650620,0.135650620,0.150000006,0.000000000,0.000000,9.566257,9.566257,0,893,1361
-1.61538470,2.50000000,-1.49030864,0.135646909,0.135646909,0.150000006,0.000000000,0.000000,9.568731,9.568731,0,892,1360
-1.61538470,5.00000000,-1.49030781,0.135645151,0.135645151,0.150000006,0.000000000,0.000000,9.569903,9.569903,0,891,1359
-1.61538470,7.50000000,-1.49030745,0.135643929,0.135643929,0.150000006,0.000000000,0.000000,9.570717,9.570717,0,890,1358
-1.61538470,10.00000000,-1.49030697,0.135642454,0.135642454,0.150000006,0.000000000,0.000000,9.571701,9.571701,0,889,1357
-1.61538470,12.50000000,-1.49030685,0.135643765,0.135643765,0.150000006,0.000000000,0.000000,9.570827,9.570827,0,888,1356
-1.61538470,15.00000000,-1.49030650,0.135644257,0.135644257,0.150000006,0.000000000,0.000000,9.570499,9.570499,0,887,1355
-1.61538470,17.50000000,-1.49030697,0.135645598,0.135645598,0.150000006,0.000000000,0.000000,9.569605,9.569605,0,886,1354
-1.61538470,20.00000000,-1.49030781,0.135647759,0.135647759,0.150000006,0.000000000,0.000000,9.568164,9.568164,0,885,1353
-1.61538470,22.49999809,-1.49030912,0.135648608,0.135648608,0.150000006,0.000000000,0.000000,9.567598,9.567598,0,884,1352
-1.61538470,25.00000000,-1.49030995,0.135647923,0.135647923,0.150000006,0.000000000,0.000000,9.568055,9.568055,0,883,1351
-1.61538470,27.50000191,-1.49031031,0.135647029,0.135647029,0.150000006,0.000000000,0.000000,9.568651,9.568651,0,882,1350
-1.61538470,30.00000000,-1.49031091,0.135646313,0.135646313,0.150000006,0.000000000,0.000000,9.569128,9.569128,0,881,1349
-1.61538470,32.50000000,-1.49031222,0.135644928,0.135644928,0.150000006,0.000000000,0.000000,9.570052,9.570052,0,880,1348
-1.61538470,35.00000000,-1.49031401,0.135643855,0.135643855,0.150000006,0.000000000,0.000000,9.570767,9.570767,0,879,1347
-1.61538470,37.50000000,-1.49031615,0.135643989,0.135643989,0.150000006,0.000000000,0.000000,9.570678,9.570678,0,878,1346
-1.61538470,40.00000000,-1.49031866,0.135641798,0.135641798,0.150000006,0.000000000,0.000000,9.572138,9.572138,0,877,1345
-1.61538470,42.50000000,-1.49032080,0.135638610,0.135638610,0.150000006,0.000000000,0.000000,9.574264,9.574264,0,876,1344
-1.61538470,44.99999619,-1.49032247,0.135639116,0.135639116,0.150000006,0.000000000,0.000000,9.573926,9.573926,0,875,1343
-1.61538470,47.50000000,-1.49032378,0.135637894,0.135637894,0.150000006,0.000000000,0.000000,9.574740,9.574740,0,874,1342
-1.61538470,50.00000000,-1.49032426,0.135636061,0.135636061,0.150000006,0.000000000,0.000000,9.575962,9.575962,0,129,222
-1.30769229,-50.00000000,-1.14100981,0.132926747,0.132926747,0.150000006,0.000000000,0.000000,11.382172,11.382172,1,68,181
-1.30769229,-47.50000000,-1.14100957,0.132929191,0.132929191,0.150000006,0.000000000,0.000000,11.380543,11.380543,1,873,1341
-1.30769229,-44.99999619,-1.14100826,0.132933646,0.132933646,0.150000006,0.000000000,0.000000,11.377572,11.377572,1,872,1340
-1.30769229,-42.50000000,-1.14100575,0.132935569,0.132935569,0.150000006,0.000000000,0.000000,11.376291,11.376291,1,871,1339
-1.30769229,-40.00000000,-1.14100230,0.132935956,0.132935956,0.150000006,0.000000000,0.000000,11.376033,11.376033,1,870,1338
-1.30769229,-37.50000000,-1.14099801,0.132934988,0.132934988,0.150000006,0.000000000,0.000000,11.376678,11.376678,1,869,1337
-1.30769229,-35.00000000,-1.14099336,0.132934898,0.132934898,0.150000006,0.000000000,0.000000,11.376738,11.376738,1,868,1336
-1.30769229,-32.50000000,-1.14098907,0.132936209,0.132936209,0.150000006,0.000000000,0.000000,11.375864,11.375864,1,867,1335
-1.30769229,-30.00000000,-1.14098454,0.132936284,0.132936284,0.150000006,0.000000000,0.000000,11.375814,11.375814,1,866,1334
-1.30769229,-27.50000191,-1.14098001,0.132934943,0.132934943,0.150000006,0.000000000,0.000000,11.376708,11.376708,1,865,1333
-1.30769229,-25.00000000,-1.14097559,0.132934168,0.132934168,0.150000006,0.000000000,0.000000,11.377225,11.377225,1,864,1332
-1.30769229,-22.49999809,-1.14097202,0.132933661,0.132933661,0.150000006,0.000000000,0.000000,11.377563,11.377563,1,863,1331
-1.30769229,-20.00000000,-1.14096904,0.132934079,0.132934079,0.150000006,0.000000000,0.000000,11.377285,11.377285,1,862,1330
-1.30769229,-17.50000000,-1.14096689,0.132934138,0.132934138,0.150000006,0.000000000,0.000000,11.377244,11.377244,1,861,1329
-1.30769229,-15.00000000,-1.14096534,0.132933483,0.132933483,0.150000006,0.000000000,0.000000,11.377682,11.377682,1,860,1328
-1.30769229,-12.50000000,-1.14096475,0.132933453,0.132933453,0.150000006,0.000000000,0.000000,11.377702,11.377702,1,859,1327
-1.30769229,-10.00000000,-1.14096534,0.132935882,0.132935882,0.150000006,0.000000000,0.000000,11.376082,11.376082,1,858,1326
-1.30769229,-7.50000000,-1.14096618,0.132942945,0.132942945,0.150000006,0.000000000,0.000000,11.371373,11.371373,1,857,1325
-1.30769229,-5.00000000,-1.14096594,0.132945627,0.132945627,0.150000006,0.000000000,0.000000,11.369585,11.369585,1,856,1324
-1.30769229,-2.50000000,-1.14096546,0.132942900,0.132942900,0.150000006,0.000000000,0.000000,11.371403,11.371403,1,855,1323
-1.30769229,0.00000000,-1.14096439,0.132939473,0.132939473,0.150000006,0.000000000,0.000000,11.373688,11.373688,1,854,1322
-1.30769229,2.50000000,-1.14096296,0.132937461,0.132937461,0.150000006,0.000000000,0.000000,11.375029,11.375029,1,853,1321
-1.30769229,5.00000000,-1.14096141,0.132936001,0.132936001,0.150000006,0.000000000,0.000000,11.376003,11.376003,1,852,1320
-1.30769229,7.50000000,-1.14095998,0.132934391,0.132934391,0.150000006,0.000000000,0.000000,11.377076,11.377076,1,851,1319
-1.30769229,10.00000000,-1.14095867,0.132933065,0.132933065,0.150000006,0.000000000,0.000000,11.377960,11.377960,1,850,1318
-1.30769229,12.50000000,-1.14095771,0.132934019,0.132934019,0.150000006,0.000000000,0.000000,11.377324,11.377324,1,849,1317
-1.30769229,15.00000000,-1.14095652,0.132934332,0.132934332,0.150000006,0.000000000,0.000000,11.377116,11.377116,1,848,1316
-1.30769229,17.50000000,-1.14095652,0.132933915,0.132933915,0.150000006,0.000000000,0.000000,11.377393,11.377393,1,847,1315
-1.30769229,20.00000000,-1.14095688,0.132933915,0.132933915,0.150000006,0.000000000,0.000000,11.377393,11.377393,1,846,1314
-1.30769229,22.49999809,-1.14095771,0.132933974,0.132933974,0.150000006,0.000000000,0.000000,11.377354,11.377354,1,845,1313
-1.30769229,25.00000000,-1.14095819,0.132933617,0.132933617,0.150000006,0.000000000,0.000000,11.377592,11.377592,1,844,1312
-1.30769229,27.50000191,-1.14095783,0.132933229,0.132933229,0.150000006,0.000000000,0.000000,11.377851,11.377851,1,843,1311
-1.30769229,30.00000000,-1.14095795,0.132932708,0.132932708,0.150000006,0.000000000,0.000000,11.378198,11.378198,1,842,1310
-1.30769229,32.50000000,-1.14095879,0.132931918,0.132931918,0.150000006,0.000000000,0.000000,11.378725,11.378725,1,841,1309
-1.30769229,35.00000000,-1.14096010,0.132931188,0.132931188,0.150000006,0.000000000,0.000000,11.379211,11.379211,1,840,1308
-1.30769229,37.50000000,-1.14096153,0.132931501,0.132931501,0.150000006,0.000000000,0.000000,11.379003,11.379003,1,839,1307
-1.30769229,40.00000000,-1.14096355,0.132931843,0.132931843,0.150000006,0.000000000,0.000000,11.378775,11.378775,1,838,1306
-1.30769229,42.50000000,-1.14096510,0.132930383,0.132930383,0.150000006,0.000000000,0.000000,11.379748,11.379748,1,837,1305
-1.30769229,44.99999619,-1.14096653,0.132928774,0.132928774,0.150000006,0.000000000,0.000000,11.380821,11.380821,1,836,1304
-1.30769229,47.50000000,-1.14096773,0.132925898,0.132925898,0.150000006,0.000000000,0.000000,11.382739,11.382739,1,835,1303
-1.30769229,50.00000000,-1.14096797,0.132924139,0.132924139,0.150000006,0.000000000,0.000000,11.383910,11.383910,1,130,221
-1.00000000,-50.00000000,-0.78336585,0.130383670,0.130383670,0.150000006,0.000000000,0.000000,13.077557,13.077557,1,2,5
-1.00000000,-47.50000000,-0.78336561,0.130387262,0.130387262,0.150000006,0.000000000,0.000000,13.075162,13.075162,1,67,131
-1.00000000,-44.99999619,-0.78336465,0.130394682,0.130394682,0.150000006,0.000000000,0.000000,13.070215,13.070215,1,66,132
-1.00000000,-42.50000000,-0.78336275,0.130400002,0.130400002,0.150000006,0.000000000,0.000000,13.066669,13.066669,1,65,133
-1.00000000,-40.00000000,-0.78335994,0.130404174,0.130404174,0.150000006,0.000000000,0.000000,13.063887,13.063887,1,64,134
-1.00000000,-37.50000000,-0.78335643,0.130404770,0.130404770,0.150000006,0.000000000,0.000000,13.063490,13.063490,1,63,135
-1.00000000,-35.00000000,-0.78335220,0.130405068,0.130405068,0.150000006,0.000000000,0.000000,13.063291,13.063291,1,62,136
-1.00000000,-32.50000000,-0.78334826,0.130406022,0.130406022,0.150000006,0.000000000,0.000000,13.062656,13.062656,1,61,137
-1.00000000,-30.00000000,-0.78334445,0.130405918,0.130405918,0.150000006,0.000000000,0.000000,13.062724,13.062724,1,60,138
-1.00000000,-27.50000191,-0.78334057,0.130405575,0.130405575,0.150000006,0.000000000,0.000000,13.062954,13.062954,1,59,139
-1.00000000,-25.00000000,-0.78333676,0.130405039,0.130405039,0.150000006,0.000000000,0.000000,13.063312,13.063312,1,58,140
-1.00000000,-22.49999809,-0.78333354,0.130404398,0.130404398,0.150000006,0.000000000,0.000000,13.063738,13.063738,1,57,141
-1.00000000,-20.00000000,-0.78333110,0.130404711,0.130404711,0.150000006,0.000000000,0.000000,13.063529,13.063529,1,56,142
-1.00000000,-17.50000000,-0.78332973,0.130405277,0.130405277,0.150000006,0.000000000,0.000000,13.063152,13.063152,1,55,143
-1.00000000,-15.00000000,-0.78332919,0.130405918,0.130405918,0.150000006,0.000000000,0.000000,13.062724,13.062724,1,54,144
-1.00000000,-12.50000000,-0.78332919,0.130406424,0.130406424,0.150000006,0.000000000,0.000000,13.062388,13.062388,1,53,145
-1.00000000,-10.00000000,-0.78332961,0.130406603,0.130406603,0.150000006,0.000000000,0.000000,13.062268,13.062268,1,52,146
-1.00000000,-7.50000000,-0.78333038,0.130409345,0.130409345,0.150000006,0.000000000,0.000000,13.060440,13.060440,1,51,147
-1.00000000,-5.00000000,-0.78332990,0.130411014,0.130411014,0.150000006,0.000000000,0.000000,13.059327,13.059327,1,50,148
-1.00000000,-2.50000000,-0.78332877,0.130409539,0.130409539,0.150000006,0.000000000,0.000000,13.060310,13.060310,1,49,149
-1.00000000,0.00000000,-0.78332710,0.130410060,0.130410060,0.150000006,0.000000000,0.000000,13.059963,13.059963,1,48,150
-1.00000000,2.50000000,-0.78332502,0.130413234,0.130413234,0.150000006,0.000000000,0.000000,13.057847,13.057847,1,47,151
-1.00000000,5.00000000,-0.78332263,0.130415142,0.130415142,0.150000006,0.000000000,0.000000,13.056576,13.056576,1,46,152
-1.00000000,7.50000000,-0.78332043,0.130413353,0.130413353,0.150000006,0.000000000,0.000000,13.057768,13.057768,1,45,153
-1.00000000,10.00000000,-0.78331900,0.130409598,0.130409598,0.150000006,0.000000000,0.000000,13.060272,13.060272,1,44,154
-1.00000000,12.50000000,-0.78331774,0.130406499,0.130406499,0.150000006,0.000000000,0.000000,13.062337,13.062337,1,43,155
-1.00000000,15.00000000,-0.78331625,0.130404741,0.130404741,0.150000006,0.000000000,0.000000,13.063510,13.063510,1,42,156
-1.00000000,17.50000000,-0.78331554,0.130403817,0.130403817,0.150000006,0.000000000,0.000000,13.064125,13.064125,1,41,157
-1.00000000,20.00000000,-0.78331542,0.130403206,0.130403206,0.150000006,0.000000000,0.000000,13.064533,13.064533,1,40,158
-1.00000000,22.49999809,-0.78331566,0.130403027,0.130403027,0.150000006,0.000000000,0.000000,13.064653,13.064653,1,39,159
-1.00000000,25.00000000,-0.78331554,0.130402833,0.130402833,0.150000006,0.000000000,0.000000,13.064781,13.064781,1,38,160
-1.00000000,27.50000191,-0.78331470,0.130402818,0.130402818,0.150000006,0.000000000,0.000000,13.064791,13.064791,1,37,161
-1.00000000,30.00000000,-0.78331435,0.130402774,0.130402774,0.150000006,0.000000000,0.000000,13.064821,13.064821,1,36,162
-1.00000000,32.50000000,-0.78331459,0.130401880,0.130401880,0.150000006,0.000000000,0.000000,13.065417,13.065417,1,35,163
-1.00000000,35.00000000,-0.78331476,0.130400270,0.130400270,0.150000006,0.000000000,0.000000,13.066490,13.066490,1,34,164
-1.00000000,37.50000000,-0.78331560,0.130399242,0.130399242,0.150000006,0.000000000,0.000000,13.067175,13.067175,1,33,165
-1.00000000,40.00000000,-0.78331655,0.130398318,0.130398318,0.150000006,0.000000000,0.000000,13.067791,13.067791,1,32,166
-1.00000000,42.50000000,-0.78331715,0.130394623,0.130394623,0.150000006,0.000000000,0.000000,13.070256,13.070256,1,31,167
-1.00000000,44.99999619,-0.78331774,0.130390510,0.130390510,0.150000006,0.000000000,0.000000,13.072997,13.072997,1,30,168
-1.00000000,47.50000000,-0.78331816,0.130384102,0.130384102,0.150000006,0.000000000,0.000000,13.077268,13.077268,1,29,169
-1.00000000,50.00000000,-0.78331822,0.130381078,0.130381078,0.150000006,0.000000000,0.000000,13.079286,13.079286,1,1,8
-0.66666669,-50.00000000,-0.38785747,0.128543213,0.128543213,0.150000006,0.000000000,0.000000,14.304528,14.304528,1,828,831
-0.66666669,-47.50000000,-0.38785726,0.128546953,0.128546953,0.150000006,0.000000000,0.000000,14.302035,14.302035,1,6218,6296
-0.66666669,-44.99999619,-0.38785654,0.128553897,0.128553897,0.150000006,0.000000000,0.000000,14.297405,14.297405,1,6217,6295
-0.66666669,-42.50000000,-0.38785464,0.128561541,0.128561541,0.150000006,0.000000000,0.000000,14.292309,14.292309,1,6216,6294
-0.66666669,-40.00000000,-0.38785183,0.128564686,0.128564686,0.150000006,0.000000000,0.000000,14.290214,14.290214,1,6215,6293
-0.66666669,-37.50000000,-0.38784835,0.128565893,0.128565893,0.150000006,0.000000000,0.000000,14.289409,14.289409,1,6214,6292
-0.66666669,-35.00000000,-0.38784409,0.128566325,0.128566325,0.150000006,0.000000000,0.000000,14.289120,14.289120,1,6213,6291
-0.66666669,-32.50000000,-0.38784018,0.128566310,0.128566310,0.150000006,0.000000000,0.000000,14.289130,14.289130,1,6212,6290
-0.66666669,-30.00000000,-0.38783681,0.128566235,0.128566235,0.150000006,0.000000000,0.000000,14.289179,14.289179,1,6211,6289
-0.66666669,-27.50000191,-0.38783330,0.128567860,0.128567860,0.150000006,0.000000000,0.000000,14.288098,14.288098,1,6210,6288
-0.66666669,-25.00000000,-0.38782978,0.128569975,0.128569975,0.150000006,0.000000000,0.000000,14.286686,14.286686,1,6209,6287
-0.66666669,-22.49999809,-0.38782710,0.128571242,0.128571242,0.150000006,0.000000000,0.000000,14.285842,14.285842,1,6208,6286
-0.66666669,-20.00000000,-0.38782525,0.128571123,0.128571123,0.150000006,0.000000000,0.000000,14.285922,14.285922,1,6207,6285
-0.66666669,-17.50000000,-0.38782430,0.128570557,0.128570557,0.150000006,0.000000000,0.000000,14.286299,14.286299,1,6206,6284
-0.66666669,-15.00000000,-0.38782406,0.128571197,0.128571197,0.150000006,0.000000000,0.000000,14.285871,14.285871,1,6205,6283
-0.66666669,-12.50000000,-0.38782430,0.128572822,0.128572822,0.150000006,0.000000000,0.000000,14.284790,14.284790,1,6204,6282
-0.66666669,-10.00000000,-0.38782489,0.128572062,0.128572062,0.150000006,0.000000000,0.000000,14.285296,14.285296,1,6203,6281
-0.66666669,-7.50000000,-0.38782582,0.128570214,0.128570214,0.150000006,0.000000000,0.000000,14.286527,14.286527,1,6202,6280
-0.66666669,-5.00000000,-0.38782531,0.128567353,0.128567353,0.150000006,0.000000000,0.000000,14.288434,14.288434,1,6201,6279
-0.66666669,-2.50000000,-0.38782430,0.128562659,0.128562659,0.150000006,0.000000000,0.000000,14.291564,14.291564,1,6200,6278
-0.66666669,0.00000000,-0.38782251,0.128559425,0.128559425,0.150000006,0.000000000,0.000000,14.293720,14.293720,1,6199,6277
-0.66666669,2.50000000,-0.38782012,0.128559768,0.128559768,0.150000006,0.000000000,0.000000,14.293492,14.293492,1,6198,6276
-0.66666669,5.00000000,-0.38781726,0.128562883,0.128562883,0.150000006,0.000000000,0.000000,14.291415,14.291415,1,6197,6275
-0.66666669,7.50000000,-0.38781467,0.128565162,0.128565162,0.150000006,0.000000000,0.000000,14.289895,14.289895,1,6196,6274
-0.66666669,10.00000000,-0.38781261,0.128565937,0.128565937,0.150000006,0.000000000,0.000000,14.289379,14.289379,1,6195,6273
-0.66666669,12.50000000,-0.38781059,0.128565490,0.128565490,0.150000006,0.000000000,0.000000,14.289677,14.289677,1,6194,6272
-0.66666669,15.00000000,-0.38780832,0.128565684,0.128565684,0.150000006,0.000000000,0.000000,14.289548,14.289548,1,6193,6271
-0.66666669,17.50000000,-0.38780683,0.128566444,0.128566444,0.150000006,0.000000000,0.000000,14.289041,14.289041,1,6192,6270
-0.66666669,20.00000000,-0.38780576,0.128567219,0.128567219,0.150000006,0.000000000,0.000000,14.288524,14.288524,1,6191,6269
-0.66666669,22.49999809,-0.38780499,0.128567174,0.128567174,0.150000006,0.000000000,0.000000,14.288554,14.288554,1,6190,6268
-0.66666669,25.00000000,-0.38780391,0.128566593,0.128566593,0.150000006,0.000000000,0.000000,14.288941,14.288941,1,6189,6267
-0.66666669,27.50000191,-0.38780224,0.128566146,0.128566146,0.150000006,0.000000000,0.000000,14.289239,14.289239,1,6188,6266
-0.66666669,30.00000000,-0.38780090,0.128566712,0.128566712,0.150000006,0.000000000,0.000000,14.288862,14.288862,1,6187,6265
-0.66666669,32.50000000,-0.38780075,0.128567398,0.128567398,0.150000006,0.000000000,0.000000,14.288405,14.288405,1,6186,6264
-0.66666669,35.00000000,-0.38780075,0.128567472,0.128567472,0.150000006,0.000000000,0.000000,14.288355,14.288355,1,6185,6263
-0.66666669,37.50000000,-0.38780153,0.128565952,0.128565952,0.150000006,0.000000000,0.000000,14.289369,14.289369,1,6184,6262
-0.66666669,40.00000000,-0.38780254,0.128563225,0.128563225,0.150000006,0.000000000,0.000000,14.291187,14.291187,1,6183,6261
-0.66666669,42.50000000,-0.38780293,0.128560200,0.128560200,0.150000006,0.000000000,0.000000,14.293203,14.293203,1,6182,6260
-0.66666669,44.99999619,-0.38780355,0.128554657,0.128554657,0.150000006,0.000000000,0.000000,14.296898,14.296898,1,6181,6259
-0.66666669,47.50000000,-0.38780391,0.128546819,0.128546819,0.150000006,0.000000000,0.000000,14.302124,14.302124,1,6180,6258
-0.66666669,50.00000000,-0.38780406,0.128543705,0.128543705,0.150000006,0.000000000,0.000000,14.304200,14.304200,1,829,834
-0.33333334,-50.00000000,0.01398186,0.127356708,0.127356708,0.150000006,0.000000000,0.000000,15.095532,15.095532,1,827,832
-0.33333334,-47.50000000,0.01398212,0.127345428,0.127345428,0.150000006,0.000000000,0.000000,15.103051,15.103051,1,6179,6257
-0.33333334,-44.99999619,0.01398303,0.127323151,0.127323151,0.150000006,0.000000000,0.000000,15.117903,15.117903,1,6178,6256
-0.33333334,-42.50000000,0.01398517,0.127313405,0.127313405,0.150000006,0.000000000,0.000000,15.124400,15.124400,1,6177,6255
-0.33333334,-40.00000000,0.01398785,0.127308905,0.127308905,0.150000006,0.000000000,0.000000,15.127400,15.127400,1,6176,6254
-0.33333334,-37.50000000,0.01399140,0.127306253,0.127306253,0.150000006,0.000000000,0.000000,15.129168,15.129168,1,6175,6253
-0.33333334,-35.00000000,0.01399581,0.127304628,0.127304628,0.150000006,0.000000000,0.000000,15.130252,15.130252,1,6174,6252
-0.33333334,-32.50000000,0.01400007,0.127303228,0.127303228,0.150000006,0.000000000,0.000000,15.131184,15.131184,1,6173,6251
-0.33333334,-30.00000000,0.01400369,0.127302155,0.127302155,0.150000006,0.000000000,0.000000,15.131900,15.131900,1,6172,6250
-0.33333334,-27.50000191,0.01400740,0.127302513,0.127302513,0.150000006,0.000000000,0.000000,15.131661,15.131661,1,6171,6249
-0.33333334,-25.00000000,0.01401109,0.127303377,0.127303377,0.150000006,0.000000000,0.000000,15.131086,15.131086,1,6170,6248
-0.33333334,-22.49999809,0.01401407,0.127303690,0.127303690,0.150000006,0.000000000,0.000000,15.130877,15.130877,1,6169,6247
-0.33333334,-20.00000000,0.01401627,0.127303272,0.127303272,0.150000006,0.000000000,0.000000,15.131155,15.131155,1,6168,6246
-0.33333334,-17.50000000,0.01401755,0.127302766,0.127302766,0.150000006,0.000000000,0.000000,15.131493,15.131493,1,6167,6245
-0.33333334,-15.00000000,0.01401815,0.127303287,0.127303287,0.150000006,0.000000000,0.000000,15.131146,15.131146,1,6166,6244
-0.33333334,-12.50000000,0.01401830,0.127304792,0.127304792,0.150000006,0.000000000,0.000000,15.130141,15.130141,1,6165,6243
-0.33333334,-10.00000000,0.01401815,0.127304509,0.127304509,0.150000006,0.000000000,0.000000,15.130331,15.130331,1,6164,6242
-0.33333334,-7.50000000,0.01401772,0.127303496,0.127303496,0.150000006,0.000000000,0.000000,15.131006,15.131006,1,6163,6241
-0.33333334,-5.00000000,0.01401870,0.127302513,0.127302513,0.150000006,0.000000000,0.000000,15.131661,15.131661,1,6162,6240
-0.33333334,-2.50000000,0.01402006,0.127300262,0.127300262,0.150000006,0.000000000,0.000000,15.133162,15.133162,1,6161,6239
-0.33333334,0.00000000,0.01402205,0.127298415,0.127298415,0.150000006,0.000000000,0.000000,15.134394,15.134394,1,6160,6238
-0.33333334,2.50000000,0.01402460,0.127299011,0.127299011,0.150000006,0.000000000,0.000000,15.133996,15.133996,1,6159,6237
-0.33333334,5.00000000,0.01402739,0.127301022,0.127301022,0.150000006,0.000000000,0.000000,15.132655,15.132655,1,6158,6236
-0.33333334,7.50000000,0.01402996,0.127302185,0.127302185,0.150000006,0.000000000,0.000000,15.131880,15.131880,1,6157,6235
-0.33333334,10.00000000,0.01403187,0.127302274,0.127302274,0.150000006,0.000000000,0.000000,15.131821,15.131821,1,6156,6234
-0.33333334,12.50000000,0.01403365,0.127301812,0.127301812,0.150000006,0.000000000,0.000000,15.132129,15.132129,1,6155,6233
-0.33333334,15.00000000,0.01403573,0.127301842,0.127301842,0.150000006,0.000000000,0.000000,15.132108,15.132108,1,6154,6232
-0.33333334,17.50000000,0.01403688,0.127302095,0.127302095,0.150000006,0.000000000,0.000000,15.131940,15.131940,1,6153,6231
-0.33333334,20.00000000,0.01403759,0.127302364,0.127302364,0.150000006,0.000000000,0.000000,15.131761,15.131761,1,6152,6230
-0.33333334,22.49999809,0.01403794,0.127302393,0.127302393,0.150000006,0.000000000,0.000000,15.131742,15.131742,1,6151,6229
-0.33333334,25.00000000,0.01403864,0.127302021,0.127302021,0.150000006,0.000000000,0.000000,15.131989,15.131989,1,6150,6228
-0.33333334,27.50000191,0.01403987,0.127301991,0.127301991,0.150000006,0.000000000,0.000000,15.132010,15.132010,1,6149,6227
-0.33333334,30.00000000,0.01404066,0.127303138,0.127303138,0.150000006,0.000000000,0.000000,15.131244,15.131244,1,6148,6226
-0.33333334,32.50000000,0.01404035,0.127304584,0.127304584,0.150000006,0.000000000,0.000000,15.130281,15.130281,1,6147,6225
-0.33333334,35.00000000,0.01403993,0.127306446,0.127306446,0.150000006,0.000000000,0.000000,15.129039,15.129039,1,6146,6224
-0.33333334,37.50000000,0.01403862,0.127308920,0.127308920,0.150000006,0.000000000,0.000000,15.127391,15.127391,1,6145,6223
-0.33333334,40.00000000,0.01403710,0.127313390,0.127313390,0.150000006,0.000000000,0.000000,15.124410,15.124410,1,6144,6222
-0.33333334,42.50000000,0.01403648,0.127317771,0.127317771,0.150000006,0.000000000,0.000000,15.121490,15.121490,1,6143,6221
-0.33333334,44.99999619,0.01403582,0.127325788,0.127325788,0.150000006,0.000000000,0.000000,15.116145,15.116145,1,6142,6220
-0.33333334,47.50000000,0.01403539,0.127346218,0.127346218,0.150000006,0.000000000,0.000000,15.102525,15.102525,1,6141,6219
-0.33333334,50.00000000,0.01403517,0.127357692,0.127357692,0.150000006,0.000000000,0.000000,15.094876,15.094876,1,830,833
0.00000000,-50.00000000,0.42016703,0.126847565,0.126847565,0.150000006,0.000000000,0.000000,15.434960,15.434960,1,28,27
0.00000000,-47.50000000,0.42016739,0.126829267,0.126829267,0.150000006,0.000000000,0.000000,15.447159,15.447159,1,788,783
0.00000000,-44.99999619,0.42016932,0.126799032,0.126799032,0.150000006,0.000000000,0.000000,15.467316,15.467316,1,789,782
0.00000000,-42.50000000,0.42017299,0.126790807,0.126790807,0.150000006,0.000000000,0.000000,15.472800,15.472800,1,790,781
0.00000000,-40.00000000,0.42017734,0.126788035,0.126788035,0.150000006,0.000000000,0.000000,15.474647,15.474647,1,791,780
0.00000000,-37.50000000,0.42018247,0.126786545,0.126786545,0.150000006,0.000000000,0.000000,15.475640,15.475640,1,792,779
0.00000000,-35.00000000,0.42018849,0.126785696,0.126785696,0.150000006,0.000000000,0.000000,15.476206,15.476206,1,793,778
0.00000000,-32.50000000,0.42019421,0.126784950,0.126784950,0.150000006,0.000000000,0.000000,15.476704,15.476704,1,794,777
0.00000000,-30.00000000,0.42019919,0.126784310,0.126784310,0.150000006,0.000000000,0.000000,15.477130,15.477130,1,795,776
0.00000000,-27.50000191,0.42020410,0.126784578,0.126784578,0.150000006,0.000000000,0.000000,15.476951,15.476951,1,796,775
0.00000000,-25.00000000,0.42020893,0.126785219,0.126785219,0.150000006,0.000000000,0.000000,15.476525,15.476525,1,797,774
0.00000000,-22.49999809,0.42021286,0.126785412,0.126785412,0.150000006,0.000000000,0.000000,15.476395,15.476395,1,798,773
0.00000000,-20.00000000,0.42021596,0.126784936,0.126784936,0.150000006,0.000000000,0.000000,15.476713,15.476713,1,799,772
0.00000000,-17.50000000,0.42021799,0.126784414,0.126784414,0.150000006,0.000000000,0.000000,15.477061,15.477061,1,800,771
0.00000000,-15.00000000,0.42021930,0.126784801,0.126784801,0.150000006,0.000000000,0.000000,15.476802,15.476802,1,801,770
0.00000000,-12.50000000,0.42022002,0.126785994,0.126785994,0.150000006,0.000000000,0.000000,15.476008,15.476008,1,802,769
0.00000000,-10.00000000,0.42022035,0.126785815,0.126785815,0.150000006,0.000000000,0.000000,15.476127,15.476127,1,803,768
0.00000000,-7.50000000,0.42022038,0.126785114,0.126785114,0.150000006,0.000000000,0.000000,15.476593,15.476593,1,804,767
0.00000000,-5.00000000,0.42022166,0.126784623,0.126784623,0.150000006,0.000000000,0.000000,15.476921,15.476921,1,805,766
0.00000000,-2.50000000,0.42022330,0.126783103,0.126783103,0.150000006,0.000000000,0.000000,15.477934,15.477934,1,806,765
0.00000000,0.00000000,0.42022538,0.126781732,0.126781732,0.150000006,0.000000000,0.000000,15.478849,15.478849,1,807,764
0.00000000,2.50000000,0.42022789,0.126782283,0.126782283,0.150000006,0.000000000,0.000000,15.478481,15.478481,1,808,763
0.00000000,5.00000000,0.42023045,0.126783833,0.126783833,0.150000006,0.000000000,0.000000,15.477449,15.477449,1,809,762
0.00000000,7.50000000,0.42023262,0.126784593,0.126784593,0.150000006,0.000000000,0.000000,15.476942,15.476942,1,810,761
0.00000000,10.00000000,0.42023405,0.126784593,0.126784593,0.150000006,0.000000000,0.000000,15.476942,15.476942,1,811,760
0.00000000,12.50000000,0.42023528,0.126784205,0.126784205,0.150000006,0.000000000,0.000000,15.477200,15.477200,1,812,759
0.00000000,15.00000000,0.42023665,0.126784295,0.126784295,0.150000006,0.000000000,0.000000,15.477140,15.477140,1,813,758
0.00000000,17.50000000,0.42023697,0.126784474,0.126784474,0.150000006,0.000000000,0.000000,15.477021,15.477021,1,814,757
0.00000000,20.00000000,0.42023674,0.126784742,0.126784742,0.150000006,0.000000000,0.000000,15.476842,15.476842,1,815,756
0.00000000,22.49999809,0.42023599,0.126784801,0.126784801,0.150000006,0.000000000,0.000000,15.476802,15.476802,1,816,755
0.00000000,25.00000000,0.42023546,0.126784399,0.126784399,0.150000006,0.000000000,0.000000,15.477070,15.477070,1,817,754
0.00000000,27.50000191,0.42023534,0.126784295,0.126784295,0.150000006,0.000000000,0.000000,15.477140,15.477140,1,818,753
0.00000000,30.00000000,0.42023468,0.126785100,0.126785100,0.150000006,0.000000000,0.000000,15.476604,15.476604,1,819,752
0.00000000,32.50000000,0.42023274,0.126785874,0.126785874,0.150000006,0.000000000,0.000000,15.476087,15.476087,1,820,751
0.00000000,35.00000000,0.42023063,0.126786768,0.126786768,0.150000006,0.000000000,0.000000,15.475491,15.475491,1,821,750
0.00000000,37.50000000,0.42022753,0.126788050,0.126788050,0.150000006,0.000000000,0.000000,15.474637,15.474637,1,822,749
0.00000000,40.00000000,0.42022425,0.126791328,0.126791328,0.150000006,0.000000000,0.000000,15.472451,15.472451,1,823,748
0.00000000,42.50000000,0.42022187,0.126793966,0.126793966,0.150000006,0.000000000,0.000000,15.470693,15.470693,1,824,747
0.00000000,44.99999619,0.42021960,0.126800552,0.126800552,0.150000006,0.000000000,0.000000,15.466303,15.466303,1,825,746
0.00000000,47.50000000,0.42021811,0.126829490,0.126829490,0.150000006,0.000000000,0.000000,15.447010,15.447010,1,826,745
0.00000000,50.00000000,0.42021781,0.126848012,0.126848012,0.150000006,0.000000000,0.000000,15.434662,15.434662,1,25,26
