nodeLabel,x_mm,y_mm,z_mm,CPRESS_MPa
1,50.0,0.0,12.5,0.0
2,50.0,0.15,12.5,0.0
3,50.0,0.15,25.0,0.0
4,50.0,0.0,25.0,0.0
5,0.0,0.15,12.5,0.0
6,0.0,0.15,25.0,0.0
7,0.0,0.0,25.0,0.0
8,0.0,0.0,12.5,0.0
9,50.0,0.15,5.0,0.0
10,50.0,0.0,5.0,0.0
11,50.0,0.0,1.0,0.0
12,50.0,0.15,1.0,0.0
13,0.0,0.0,5.0,0.0
14,0.0,0.0,1.0,0.0
15,0.0,0.15,1.0,0.0
16,0.0,0.15,5.0,0.0
17,0.0,0.15,0.0,0.0
18,0.0,0.0,0.0,0.0018495977856218815
19,50.0,0.15,0.0,0.0
20,50.0,0.0,0.0,0.0
21,50.0,0.03,12.5,0.0
22,50.0,0.06,12.5,0.0
23,50.0,0.09,12.5,0.0
24,50.0,0.12,12.5,0.0
25,50.0,0.15,15.0,0.0
26,50.0,0.15,17.5,0.0
27,50.0,0.15,20.0,0.0
28,50.0,0.15,22.5,0.0
29,50.0,0.12,25.0,0.0
30,50.0,0.09,25.0,0.0
31,50.0,0.06,25.0,0.0
32,50.0,0.03,25.0,0.0
33,50.0,0.0,22.5,0.0
34,50.0,0.0,20.0,0.0
35,50.0,0.0,17.5,0.0
36,50.0,0.0,15.0,0.0
37,0.0,0.12,12.5,0.0
38,0.0,0.09,12.5,0.0
39,0.0,0.06,12.5,0.0
40,0.0,0.03,12.5,0.0
41,0.0,0.15,22.5,0.0
42,0.0,0.15,20.0,0.0
43,0.0,0.15,17.5,0.0
44,0.0,0.15,15.0,0.0
45,0.0,0.03,25.0,0.0
46,0.0,0.06,25.0,0.0
47,0.0,0.09,25.0,0.0
48,0.0,0.12,25.0,0.0
49,0.0,0.0,15.0,0.0
50,0.0,0.0,17.5,0.0
51,0.0,0.0,20.0,0.0
52,0.0,0.0,22.5,0.0
53,47.5,0.0,25.0,0.0
54,45.0,0.0,25.0,0.0
55,42.5,0.0,25.0,0.0
56,40.0,0.0,25.0,0.0
57,37.5,0.0,25.0,0.0
58,35.0,0.0,25.0,0.0
59,32.5,0.0,25.0,0.0
60,30.0,0.0,25.0,0.0
61,27.5,0.0,25.0,0.0
62,25.0,0.0,25.0,0.0
63,22.5,0.0,25.0,0.0
64,20.0,0.0,25.0,0.0
65,17.5,0.0,25.0,0.0
66,15.0,0.0,25.0,0.0
67,12.5,0.0,25.0,0.0
68,10.0,0.0,25.0,0.0
69,7.5,0.0,25.0,0.0
70,5.0,0.0,25.0,0.0
71,2.5,0.0,25.0,0.0
72,2.5,0.0,12.5,0.0
73,5.0,0.0,12.5,0.0
74,7.5,0.0,12.5,0.0
75,10.0,0.0,12.5,0.0
76,12.5,0.0,12.5,0.0
77,15.0,0.0,12.5,0.0
78,17.5,0.0,12.5,0.0
79,20.0,0.0,12.5,0.0
80,22.5,0.0,12.5,0.0
81,25.0,0.0,12.5,0.0
82,27.5,0.0,12.5,0.0
83,30.0,0.0,12.5,0.0
84,32.5,0.0,12.5,0.0
85,35.0,0.0,12.5,0.0
86,37.5,0.0,12.5,0.0
87,40.0,0.0,12.5,0.0
88,42.5,0.0,12.5,0.0
89,45.0,0.0,12.5,0.0
90,47.5,0.0,12.5,0.0
91,2.5,0.15,25.0,0.0
92,5.0,0.15,25.0,0.0
93,7.5,0.15,25.0,0.0
94,10.0,0.15,25.0,0.0
95,12.5,0.15,25.0,0.0
96,15.0,0.15,25.0,0.0
97,17.5,0.15,25.0,0.0
98,20.0,0.15,25.0,0.0
99,22.5,0.15,25.0,0.0
100,25.0,0.15,25.0,0.0
101,27.5,0.15,25.0,0.0
102,30.0,0.15,25.0,0.0
103,32.5,0.15,25.0,0.0
104,35.0,0.15,25.0,0.0
105,37.5,0.15,25.0,0.0
106,40.0,0.15,25.0,0.0
107,42.5,0.15,25.0,0.0
108,45.0,0.15,25.0,0.0
109,47.5,0.15,25.0,0.0
110,47.5,0.15,12.5,0.0
111,45.0,0.15,12.5,0.0
112,42.5,0.15,12.5,0.0
113,40.0,0.15,12.5,0.0
114,37.5,0.15,12.5,0.0
115,35.0,0.15,12.5,0.0
116,32.5,0.15,12.5,0.0
117,30.0,0.15,12.5,0.0
118,27.5,0.15,12.5,0.0
119,25.0,0.15,12.5,0.0
120,22.5,0.15,12.5,0.0
121,20.0,0.15,12.5,0.0
122,17.5,0.15,12.5,0.0
123,15.0,0.15,12.5,0.0
124,12.5,0.15,12.5,0.0
125,10.0,0.15,12.5,0.0
126,7.5,0.15,12.5,0.0
127,5.0,0.15,12.5,0.0
128,2.5,0.15,12.5,0.0
129,50.0,0.12,5.0,0.0
130,50.0,0.09,5.0,0.0
131,50.0,0.06,5.0,0.0
132,50.0,0.03,5.0,0.0
133,50.0,0.0,4.428571,0.0
134,50.0,0.0,3.857143,0.0
135,50.0,0.0,3.2857144,0.0
136,50.0,0.0,2.7142856,0.0
137,50.0,0.0,2.142857,0.0
138,50.0,0.0,1.5714285,0.0
139,50.0,0.03,1.0,0.0
140,50.0,0.06,1.0,0.0
141,50.0,0.09,1.0,0.0
142,50.0,0.12,1.0,0.0
143,50.0,0.15,1.5714285,0.0
144,50.0,0.15,2.142857,0.0
145,50.0,0.15,2.7142856,0.0
146,50.0,0.15,3.2857144,0.0
147,50.0,0.15,3.857143,0.0
148,50.0,0.15,4.428571,0.0
149,0.0,0.03,5.0,0.0
150,0.0,0.06,5.0,0.0
151,0.0,0.09,5.0,0.0
152,0.0,0.12,5.0,0.0
153,0.0,0.0,1.5714285,0.0
154,0.0,0.0,2.142857,0.0
155,0.0,0.0,2.7142856,0.0
156,0.0,0.0,3.2857144,0.0
157,0.0,0.0,3.857143,0.0
158,0.0,0.0,4.428571,0.0
159,0.0,0.12,1.0,0.0
160,0.0,0.09,1.0,0.0
161,0.0,0.06,1.0,0.0
162,0.0,0.03,1.0,0.0
163,0.0,0.15,4.428571,0.0
164,0.0,0.15,3.857143,0.0
165,0.0,0.15,3.2857144,0.0
166,0.0,0.15,2.7142856,0.0
167,0.0,0.15,2.142857,0.0
168,0.0,0.15,1.5714285,0.0
169,47.5,0.15,1.0,0.0
170,45.0,0.15,1.0,0.0
171,42.5,0.15,1.0,0.0
172,40.0,0.15,1.0,0.0
173,37.5,0.15,1.0,0.0
174,35.0,0.15,1.0,0.0
175,32.5,0.15,1.0,0.0
176,30.0,0.15,1.0,0.0
177,27.5,0.15,1.0,0.0
178,25.0,0.15,1.0,0.0
179,22.5,0.15,1.0,0.0
180,20.0,0.15,1.0,0.0
181,17.5,0.15,1.0,0.0
182,15.0,0.15,1.0,0.0
183,12.5,0.15,1.0,0.0
184,10.0,0.15,1.0,0.0
185,7.5,0.15,1.0,0.0
186,5.0,0.15,1.0,0.0
187,2.5,0.15,1.0,0.0
188,2.5,0.15,5.0,0.0
189,5.0,0.15,5.0,0.0
190,7.5,0.15,5.0,0.0
191,10.0,0.15,5.0,0.0
192,12.5,0.15,5.0,0.0
193,15.0,0.15,5.0,0.0
194,17.5,0.15,5.0,0.0
195,20.0,0.15,5.0,0.0
196,22.5,0.15,5.0,0.0
197,25.0,0.15,5.0,0.0
198,27.5,0.15,5.0,0.0
199,30.0,0.15,5.0,0.0
200,32.5,0.15,5.0,0.0
201,35.0,0.15,5.0,0.0
202,37.5,0.15,5.0,0.0
203,40.0,0.15,5.0,0.0
204,42.5,0.15,5.0,0.0
205,45.0,0.15,5.0,0.0
206,47.5,0.15,5.0,0.0
207,2.5,0.0,1.0,0.0
208,5.0,0.0,1.0,0.0
209,7.5,0.0,1.0,0.0
210,10.0,0.0,1.0,0.0
211,12.5,0.0,1.0,0.0
212,15.0,0.0,1.0,0.0
213,17.5,0.0,1.0,0.0
214,20.0,0.0,1.0,0.0
215,22.5,0.0,1.0,0.0
216,25.0,0.0,1.0,0.0
217,27.5,0.0,1.0,0.0
218,30.0,0.0,1.0,0.0
219,32.5,0.0,1.0,0.0
220,35.0,0.0,1.0,0.0
221,37.5,0.0,1.0,0.0
222,40.0,0.0,1.0,0.0
223,42.5,0.0,1.0,0.0
224,45.0,0.0,1.0,0.0
225,47.5,0.0,1.0,0.0
226,47.5,0.0,5.0,0.0
227,45.0,0.0,5.0,0.0
228,42.5,0.0,5.0,0.0
229,40.0,0.0,5.0,0.0
230,37.5,0.0,5.0,0.0
231,35.0,0.0,5.0,0.0
232,32.5,0.0,5.0,0.0
233,30.0,0.0,5.0,0.0
234,27.5,0.0,5.0,0.0
235,25.0,0.0,5.0,0.0
236,22.5,0.0,5.0,0.0
237,20.0,0.0,5.0,0.0
238,17.5,0.0,5.0,0.0
239,15.0,0.0,5.0,0.0
240,12.5,0.0,5.0,0.0
241,10.0,0.0,5.0,0.0
242,7.5,0.0,5.0,0.0
243,5.0,0.0,5.0,0.0
244,2.5,0.0,5.0,0.0
245,50.0,0.0,11.0,0.0
246,50.0,0.0,9.5,0.0
247,50.0,0.0,8.0,0.0
248,50.0,0.0,6.5,0.0
249,50.0,0.15,6.5,0.0
250,50.0,0.15,8.0,0.0
251,50.0,0.15,9.5,0.0
252,50.0,0.15,11.0,0.0
253,0.0,0.0,6.5,0.0
254,0.0,0.0,8.0,0.0
255,0.0,0.0,9.5,0.0
256,0.0,0.0,11.0,0.0
257,0.0,0.15,11.0,0.0
258,0.0,0.15,9.5,0.0
259,0.0,0.15,8.0,0.0
260,0.0,0.15,6.5,0.0
261,0.0,0.15,0.6666667,0.0
262,0.0,0.15,0.33333334,0.0
263,0.0,0.12,0.0,0.0
264,0.0,0.09,0.0,0.0
265,0.0,0.06,0.0,0.0
266,0.0,0.03,0.0,0.0
267,0.0,0.0,0.33333334,1.4785904722813825e-09
268,0.0,0.0,0.6666667,0.0
269,50.0,0.15,0.33333334,0.0
270,50.0,0.15,0.6666667,0.0
271,50.0,0.03,0.0,0.0
272,50.0,0.06,0.0,0.0
273,50.0,0.09,0.0,0.0
274,50.0,0.12,0.0,0.0
275,50.0,0.0,0.6666667,0.0
276,50.0,0.0,0.33333334,0.0
277,2.5,0.0,0.0,0.0035152605269104242
278,5.0,0.0,0.0,0.007179040461778641
279,7.5,0.0,0.0,5.362559285515545e-09
280,10.0,0.0,0.0,0.0
281,12.5,0.0,0.0,1.1903991570250128e-08
282,15.0,0.0,0.0,0.006676184479147196
283,17.5,0.0,0.0,0.009584028273820877
284,20.0,0.0,0.0,0.012029585428535938
285,22.5,0.0,0.0,0.002769812010228634
286,25.0,0.0,0.0,0.0
287,27.5,0.0,0.0,0.00771856214851141
288,30.0,0.0,0.0,0.008338096551597118
289,32.5,0.0,0.0,2.2345099104370547e-09
290,35.0,0.0,0.0,0.0
291,37.5,0.0,0.0,0.001261747209355235
292,40.0,0.0,0.0,0.0
293,42.5,0.0,0.0,0.0
294,45.0,0.0,0.0,0.0
295,47.5,0.0,0.0,0.0
296,47.5,0.15,0.0,0.0
297,45.0,0.15,0.0,0.002256043953821063
298,42.5,0.15,0.0,3.093066780479603e-08
299,40.0,0.15,0.0,0.0
300,37.5,0.15,0.0,0.0
301,35.0,0.15,0.0,0.0
302,32.5,0.15,0.0,7.711163263479648e-09
303,30.0,0.15,0.0,0.0062614912167191505
304,27.5,0.15,0.0,0.0058838180266320705
305,25.0,0.15,0.0,0.005836572498083115
306,22.5,0.15,0.0,0.0026567138265818357
307,20.0,0.15,0.0,0.006310663186013699
308,17.5,0.15,0.0,0.012668156996369362
309,15.0,0.15,0.0,0.0
310,12.5,0.15,0.0,0.006858512293547392
311,10.0,0.15,0.0,0.0
312,7.5,0.15,0.0,0.0013147961581125855
313,5.0,0.15,0.0,0.00397226307541132
314,2.5,0.15,0.0,0.0052537694573402405
315,50.0,0.03,15.0,0.0
316,50.0,0.06,15.0,0.0
317,50.0,0.09,15.0,0.0
318,50.0,0.12,15.0,0.0
319,50.0,0.03,17.5,0.0
320,50.0,0.06,17.5,0.0
321,50.0,0.09,17.5,0.0
322,50.0,0.12,17.5,0.0
323,50.0,0.03,20.0,0.0
324,50.0,0.06,20.0,0.0
325,50.0,0.09,20.0,0.0
326,50.0,0.12,20.0,0.0
327,50.0,0.03,22.5,0.0
328,50.0,0.06,22.5,0.0
329,50.0,0.09,22.5,0.0
330,50.0,0.12,22.5,0.0
331,0.0,0.03,15.0,0.0
332,0.0,0.06,15.0,0.0
333,0.0,0.09,15.0,0.0
334,0.0,0.12,15.0,0.0
335,0.0,0.03,17.5,0.0
336,0.0,0.06,17.5,0.0
337,0.0,0.09,17.5,0.0
338,0.0,0.12,17.5,0.0
339,0.0,0.03,20.0,0.0
340,0.0,0.06,20.0,0.0
341,0.0,0.09,20.0,0.0
342,0.0,0.12,20.0,0.0
343,0.0,0.03,22.5,0.0
344,0.0,0.06,22.5,0.0
345,0.0,0.09,22.5,0.0
346,0.0,0.12,22.5,0.0
347,47.5,0.0,15.0,0.0
348,47.5,0.0,17.5,0.0
349,47.5,0.0,20.0,0.0
350,47.5,0.0,22.5,0.0
351,45.0,0.0,15.0,0.0
352,45.0,0.0,17.5,0.0
353,45.0,0.0,20.0,0.0
354,45.0,0.0,22.5,0.0
355,42.5,0.0,15.0,0.0
356,42.5,0.0,17.5,0.0
357,42.5,0.0,20.0,0.0
358,42.5,0.0,22.5,0.0
359,40.0,0.0,15.0,0.0
360,40.0,0.0,17.5,0.0
361,40.0,0.0,20.0,0.0
362,40.0,0.0,22.5,0.0
363,37.5,0.0,15.0,0.0
364,37.5,0.0,17.5,0.0
365,37.5,0.0,20.0,0.0
366,37.5,0.0,22.5,0.0
367,35.0,0.0,15.0,0.0
368,35.0,0.0,17.5,0.0
369,35.0,0.0,20.0,0.0
370,35.0,0.0,22.5,0.0
371,32.5,0.0,15.0,0.0
372,32.5,0.0,17.5,0.0
373,32.5,0.0,20.0,0.0
374,32.5,0.0,22.5,0.0
375,30.0,0.0,15.0,0.0
376,30.0,0.0,17.5,0.0
377,30.0,0.0,20.0,0.0
378,30.0,0.0,22.5,0.0
379,27.5,0.0,15.0,0.0
380,27.5,0.0,17.5,0.0
381,27.5,0.0,20.0,0.0
382,27.5,0.0,22.5,0.0
383,25.0,0.0,15.0,0.0
384,25.0,0.0,17.5,0.0
385,25.0,0.0,20.0,0.0
386,25.0,0.0,22.5,0.0
387,22.5,0.0,15.0,0.0
388,22.5,0.0,17.5,0.0
389,22.5,0.0,20.0,0.0
390,22.5,0.0,22.5,0.0
391,20.0,0.0,15.0,0.0
392,20.0,0.0,17.5,0.0
393,20.0,0.0,20.0,0.0
394,20.0,0.0,22.5,0.0
395,17.5,0.0,15.0,0.0
396,17.5,0.0,17.5,0.0
397,17.5,0.0,20.0,0.0
398,17.5,0.0,22.5,0.0
399,15.0,0.0,15.0,0.0
400,15.0,0.0,17.5,0.0
401,15.0,0.0,20.0,0.0
402,15.0,0.0,22.5,0.0
403,12.5,0.0,15.0,0.0
404,12.5,0.0,17.5,0.0
405,12.5,0.0,20.0,0.0
406,12.5,0.0,22.5,0.0
407,10.0,0.0,15.0,0.0
408,10.0,0.0,17.5,0.0
409,10.0,0.0,20.0,0.0
410,10.0,0.0,22.5,0.0
411,7.5,0.0,15.0,0.0
412,7.5,0.0,17.5,0.0
413,7.5,0.0,20.0,0.0
414,7.5,0.0,22.5,0.0
415,5.0,0.0,15.0,0.0
416,5.0,0.0,17.5,0.0
417,5.0,0.0,20.0,0.0
418,5.0,0.0,22.5,0.0
419,2.5,0.0,15.0,0.0
420,2.5,0.0,17.5,0.0
421,2.5,0.0,20.0,0.0
422,2.5,0.0,22.5,0.0
423,47.5,0.15,15.0,0.0
424,47.5,0.15,17.5,0.0
425,47.5,0.15,20.0,0.0
426,47.5,0.15,22.5,0.0
427,45.0,0.15,15.0,0.0
428,45.0,0.15,17.5,0.0
429,45.0,0.15,20.0,0.0
430,45.0,0.15,22.5,0.0
431,42.5,0.15,15.0,0.0
432,42.5,0.15,17.5,0.0
433,42.5,0.15,20.0,0.0
434,42.5,0.15,22.5,0.0
435,40.0,0.15,15.0,0.0
436,40.0,0.15,17.5,0.0
437,40.0,0.15,20.0,0.0
438,40.0,0.15,22.5,0.0
439,37.5,0.15,15.0,0.0
440,37.5,0.15,17.5,0.0
441,37.5,0.15,20.0,0.0
442,37.5,0.15,22.5,0.0
443,35.0,0.15,15.0,0.0
444,35.0,0.15,17.5,0.0
445,35.0,0.15,20.0,0.0
446,35.0,0.15,22.5,0.0
447,32.5,0.15,15.0,0.0
448,32.5,0.15,17.5,0.0
449,32.5,0.15,20.0,0.0
450,32.5,0.15,22.5,0.0
451,30.0,0.15,15.0,0.0
452,30.0,0.15,17.5,0.0
453,30.0,0.15,20.0,0.0
454,30.0,0.15,22.5,0.0
455,27.5,0.15,15.0,0.0
456,27.5,0.15,17.5,0.0
457,27.5,0.15,20.0,0.0
458,27.5,0.15,22.5,0.0
459,25.0,0.15,15.0,0.0
460,25.0,0.15,17.5,0.0
461,25.0,0.15,20.0,0.0
462,25.0,0.15,22.5,0.0
463,22.5,0.15,15.0,0.0
464,22.5,0.15,17.5,0.0
465,22.5,0.15,20.0,0.0
466,22.5,0.15,22.5,0.0
467,20.0,0.15,15.0,0.0
468,20.0,0.15,17.5,0.0
469,20.0,0.15,20.0,0.0
470,20.0,0.15,22.5,0.0
471,17.5,0.15,15.0,0.0
472,17.5,0.15,17.5,0.0
473,17.5,0.15,20.0,0.0
474,17.5,0.15,22.5,0.0
475,15.0,0.15,15.0,0.0
476,15.0,0.15,17.5,0.0
477,15.0,0.15,20.0,0.0
478,15.0,0.15,22.5,0.0
479,12.5,0.15,15.0,0.0
480,12.5,0.15,17.5,0.0
481,12.5,0.15,20.0,0.0
482,12.5,0.15,22.5,0.0
483,10.0,0.15,15.0,0.0
484,10.0,0.15,17.5,0.0
485,10.0,0.15,20.0,0.0
486,10.0,0.15,22.5,0.0
487,7.5,0.15,15.0,0.0
488,7.5,0.15,17.5,0.0
489,7.5,0.15,20.0,0.0
490,7.5,0.15,22.5,0.0
491,5.0,0.15,15.0,0.0
492,5.0,0.15,17.5,0.0
493,5.0,0.15,20.0,0.0
494,5.0,0.15,22.5,0.0
495,2.5,0.15,15.0,0.0
496,2.5,0.15,17.5,0.0
497,2.5,0.15,20.0,0.0
498,2.5,0.15,22.5,0.0
575,47.5,0.03,25.0,0.0
576,47.5,0.06,25.0,0.0
577,47.5,0.09,25.0,0.0
578,47.5,0.12,25.0,0.0
579,45.0,0.03,25.0,0.0
580,45.0,0.06,25.0,0.0
581,45.0,0.09,25.0,0.0
582,45.0,0.12,25.0,0.0
583,42.5,0.03,25.0,0.0
584,42.5,0.06,25.0,0.0
585,42.5,0.09,25.0,0.0
586,42.5,0.12,25.0,0.0
587,40.0,0.03,25.0,0.0
588,40.0,0.06,25.0,0.0
589,40.0,0.09,25.0,0.0
590,40.0,0.12,25.0,0.0
591,37.5,0.03,25.0,0.0
592,37.5,0.06,25.0,0.0
593,37.5,0.09,25.0,0.0
594,37.5,0.12,25.0,0.0
595,35.0,0.03,25.0,0.0
596,35.0,0.06,25.0,0.0
597,35.0,0.09,25.0,0.0
598,35.0,0.12,25.0,0.0
599,32.5,0.03,25.0,0.0
600,32.5,0.06,25.0,0.0
601,32.5,0.09,25.0,0.0
602,32.5,0.12,25.0,0.0
603,30.0,0.03,25.0,0.0
604,30.0,0.06,25.0,0.0
605,30.0,0.09,25.0,0.0
606,30.0,0.12,25.0,0.0
607,27.5,0.03,25.0,0.0
608,27.5,0.06,25.0,0.0
609,27.5,0.09,25.0,0.0
610,27.5,0.12,25.0,0.0
611,25.0,0.03,25.0,0.0
612,25.0,0.06,25.0,0.0
613,25.0,0.09,25.0,0.0
614,25.0,0.12,25.0,0.0
615,22.5,0.03,25.0,0.0
616,22.5,0.06,25.0,0.0
617,22.5,0.09,25.0,0.0
618,22.5,0.12,25.0,0.0
619,20.0,0.03,25.0,0.0
620,20.0,0.06,25.0,0.0
621,20.0,0.09,25.0,0.0
622,20.0,0.12,25.0,0.0
623,17.5,0.03,25.0,0.0
624,17.5,0.06,25.0,0.0
625,17.5,0.09,25.0,0.0
626,17.5,0.12,25.0,0.0
627,15.0,0.03,25.0,0.0
628,15.0,0.06,25.0,0.0
629,15.0,0.09,25.0,0.0
630,15.0,0.12,25.0,0.0
631,12.5,0.03,25.0,0.0
632,12.5,0.06,25.0,0.0
633,12.5,0.09,25.0,0.0
634,12.5,0.12,25.0,0.0
635,10.0,0.03,25.0,0.0
636,10.0,0.06,25.0,0.0
637,10.0,0.09,25.0,0.0
638,10.0,0.12,25.0,0.0
639,7.5,0.03,25.0,0.0
640,7.5,0.06,25.0,0.0
641,7.5,0.09,25.0,0.0
642,7.5,0.12,25.0,0.0
643,5.0,0.03,25.0,0.0
644,5.0,0.06,25.0,0.0
645,5.0,0.09,25.0,0.0
646,5.0,0.12,25.0,0.0
647,2.5,0.03,25.0,0.0
648,2.5,0.06,25.0,0.0
649,2.5,0.09,25.0,0.0
650,2.5,0.12,25.0,0.0
651,50.0,0.12,4.428571,0.0
652,50.0,0.09,4.428571,0.0
653,50.0,0.06,4.428571,0.0
654,50.0,0.03,4.428571,0.0
655,50.0,0.12,3.857143,0.0
656,50.0,0.09,3.857143,0.0
657,50.0,0.06,3.857143,0.0
658,50.0,0.03,3.857143,0.0
659,50.0,0.12,3.2857144,0.0
660,50.0,0.09,3.2857144,0.0
661,50.0,0.06,3.2857144,0.0
662,50.0,0.03,3.2857144,0.0
663,50.0,0.12,2.7142856,0.0
664,50.0,0.09,2.7142856,0.0
665,50.0,0.06,2.7142856,0.0
666,50.0,0.03,2.7142856,0.0
667,50.0,0.12,2.142857,0.0
668,50.0,0.09,2.142857,0.0
669,50.0,0.06,2.142857,0.0
670,50.0,0.03,2.142857,0.0
671,50.0,0.12,1.5714285,0.0
672,50.0,0.09,1.5714285,0.0
673,50.0,0.06,1.5714285,0.0
674,50.0,0.03,1.5714285,0.0
675,0.0,0.12,4.428571,0.0
676,0.0,0.09,4.428571,0.0
677,0.0,0.06,4.428571,0.0
678,0.0,0.03,4.428571,0.0
679,0.0,0.12,3.857143,0.0
680,0.0,0.09,3.857143,0.0
681,0.0,0.06,3.857143,0.0
682,0.0,0.03,3.857143,0.0
683,0.0,0.12,3.2857144,0.0
684,0.0,0.09,3.2857144,0.0
685,0.0,0.06,3.2857144,0.0
686,0.0,0.03,3.2857144,0.0
687,0.0,0.12,2.7142856,0.0
688,0.0,0.09,2.7142856,0.0
689,0.0,0.06,2.7142856,0.0
690,0.0,0.03,2.7142856,0.0
691,0.0,0.12,2.142857,0.0
692,0.0,0.09,2.142857,0.0
693,0.0,0.06,2.142857,0.0
694,0.0,0.03,2.142857,0.0
695,0.0,0.12,1.5714285,0.0
696,0.0,0.09,1.5714285,0.0
697,0.0,0.06,1.5714285,0.0
698,0.0,0.03,1.5714285,0.0
699,47.5,0.15,4.428571,0.0
700,47.5,0.15,3.857143,0.0
701,47.5,0.15,3.2857144,0.0
702,47.5,0.15,2.7142856,0.0
703,47.5,0.15,2.142857,0.0
704,47.5,0.15,1.5714285,0.0
705,45.0,0.15,4.428571,0.0
706,45.0,0.15,3.857143,0.0
707,45.0,0.15,3.2857144,0.0
708,45.0,0.15,2.7142856,0.0
709,45.0,0.15,2.142857,0.0
710,45.0,0.15,1.5714285,0.0
711,42.5,0.15,4.428571,0.0
712,42.5,0.15,3.857143,0.0
713,42.5,0.15,3.2857144,0.0
714,42.5,0.15,2.7142856,0.0
715,42.5,0.15,2.142857,0.0
716,42.5,0.15,1.5714285,0.0
717,40.0,0.15,4.428571,0.0
718,40.0,0.15,3.857143,0.0
719,40.0,0.15,3.2857144,0.0
720,40.0,0.15,2.7142856,0.0
721,40.0,0.15,2.142857,0.0
722,40.0,0.15,1.5714285,0.0
723,37.5,0.15,4.428571,0.0
724,37.5,0.15,3.857143,0.0
725,37.5,0.15,3.2857144,0.0
726,37.5,0.15,2.7142856,0.0
727,37.5,0.15,2.142857,0.0
728,37.5,0.15,1.5714285,0.0
729,35.0,0.15,4.428571,0.0
730,35.0,0.15,3.857143,0.0
731,35.0,0.15,3.2857144,0.0
732,35.0,0.15,2.7142856,0.0
733,35.0,0.15,2.142857,0.0
734,35.0,0.15,1.5714285,0.0
735,32.5,0.15,4.428571,0.0
736,32.5,0.15,3.857143,0.0
737,32.5,0.15,3.2857144,0.0
738,32.5,0.15,2.7142856,0.0
739,32.5,0.15,2.142857,0.0
740,32.5,0.15,1.5714285,0.0
741,30.0,0.15,4.428571,0.0
742,30.0,0.15,3.857143,0.0
743,30.0,0.15,3.2857144,0.0
744,30.0,0.15,2.7142856,0.0
745,30.0,0.15,2.142857,0.0
746,30.0,0.15,1.5714285,0.0
747,27.5,0.15,4.428571,0.0
748,27.5,0.15,3.857143,0.0
749,27.5,0.15,3.2857144,0.0
750,27.5,0.15,2.7142856,0.0
751,27.5,0.15,2.142857,0.0
752,27.5,0.15,1.5714285,0.0
753,25.0,0.15,4.428571,0.0
754,25.0,0.15,3.857143,0.0
755,25.0,0.15,3.2857144,0.0
756,25.0,0.15,2.7142856,0.0
757,25.0,0.15,2.142857,0.0
758,25.0,0.15,1.5714285,0.0
759,22.5,0.15,4.428571,0.0
760,22.5,0.15,3.857143,0.0
761,22.5,0.15,3.2857144,0.0
762,22.5,0.15,2.7142856,0.0
763,22.5,0.15,2.142857,0.0
764,22.5,0.15,1.5714285,0.0
765,20.0,0.15,4.428571,0.0
766,20.0,0.15,3.857143,0.0
767,20.0,0.15,3.2857144,0.0
768,20.0,0.15,2.7142856,0.0
769,20.0,0.15,2.142857,0.0
770,20.0,0.15,1.5714285,0.0
771,17.5,0.15,4.428571,0.0
772,17.5,0.15,3.857143,0.0
773,17.5,0.15,3.2857144,0.0
774,17.5,0.15,2.7142856,0.0
775,17.5,0.15,2.142857,0.0
776,17.5,0.15,1.5714285,0.0
777,15.0,0.15,4.428571,0.0
778,15.0,0.15,3.857143,0.0
779,15.0,0.15,3.2857144,0.0
780,15.0,0.15,2.7142856,0.0
781,15.0,0.15,2.142857,0.0
782,15.0,0.15,1.5714285,0.0
783,12.5,0.15,4.428571,0.0
784,12.5,0.15,3.857143,0.0
785,12.5,0.15,3.2857144,0.0
786,12.5,0.15,2.7142856,0.0
787,12.5,0.15,2.142857,0.0
788,12.5,0.15,1.5714285,0.0
789,10.0,0.15,4.428571,0.0
790,10.0,0.15,3.857143,0.0
791,10.0,0.15,3.2857144,0.0
792,10.0,0.15,2.7142856,0.0
793,10.0,0.15,2.142857,0.0
794,10.0,0.15,1.5714285,0.0
795,7.5,0.15,4.428571,0.0
796,7.5,0.15,3.857143,0.0
797,7.5,0.15,3.2857144,0.0
798,7.5,0.15,2.7142856,0.0
799,7.5,0.15,2.142857,0.0
800,7.5,0.15,1.5714285,0.0
801,5.0,0.15,4.428571,0.0
802,5.0,0.15,3.857143,0.0
803,5.0,0.15,3.2857144,0.0
804,5.0,0.15,2.7142856,0.0
805,5.0,0.15,2.142857,0.0
806,5.0,0.15,1.5714285,0.0
807,2.5,0.15,4.428571,0.0
808,2.5,0.15,3.857143,0.0
809,2.5,0.15,3.2857144,0.0
810,2.5,0.15,2.7142856,0.0
811,2.5,0.15,2.142857,0.0
812,2.5,0.15,1.5714285,0.0
813,47.5,0.0,4.428571,0.0
814,47.5,0.0,3.857143,0.0
815,47.5,0.0,3.2857144,0.0
816,47.5,0.0,2.7142856,0.0
817,47.5,0.0,2.142857,0.0
818,47.5,0.0,1.5714285,0.0
819,45.0,0.0,4.428571,0.0
820,45.0,0.0,3.857143,0.0
821,45.0,0.0,3.2857144,0.0
822,45.0,0.0,2.7142856,0.0
823,45.0,0.0,2.142857,0.0
824,45.0,0.0,1.5714285,0.0
825,42.5,0.0,4.428571,0.0
826,42.5,0.0,3.857143,0.0
827,42.5,0.0,3.2857144,0.0
828,42.5,0.0,2.7142856,0.0
829,42.5,0.0,2.142857,0.0
830,42.5,0.0,1.5714285,0.0
831,40.0,0.0,4.428571,0.0
832,40.0,0.0,3.857143,0.0
833,40.0,0.0,3.2857144,0.0
834,40.0,0.0,2.7142856,0.0
835,40.0,0.0,2.142857,0.0
836,40.0,0.0,1.5714285,0.0
837,37.5,0.0,4.428571,0.0
838,37.5,0.0,3.857143,0.0
839,37.5,0.0,3.2857144,0.0
840,37.5,0.0,2.7142856,0.0
841,37.5,0.0,2.142857,0.0
842,37.5,0.0,1.5714285,0.0
843,35.0,0.0,4.428571,0.0
844,35.0,0.0,3.857143,0.0
845,35.0,0.0,3.2857144,0.0
846,35.0,0.0,2.7142856,0.0
847,35.0,0.0,2.142857,0.0
848,35.0,0.0,1.5714285,0.0
849,32.5,0.0,4.428571,0.0
850,32.5,0.0,3.857143,0.0
851,32.5,0.0,3.2857144,0.0
852,32.5,0.0,2.7142856,0.0
853,32.5,0.0,2.142857,0.0
854,32.5,0.0,1.5714285,0.0
855,30.0,0.0,4.428571,0.0
856,30.0,0.0,3.857143,0.0
857,30.0,0.0,3.2857144,0.0
858,30.0,0.0,2.7142856,0.0
859,30.0,0.0,2.142857,0.0
860,30.0,0.0,1.5714285,0.0
861,27.5,0.0,4.428571,0.0
862,27.5,0.0,3.857143,0.0
863,27.5,0.0,3.2857144,0.0
864,27.5,0.0,2.7142856,0.0
865,27.5,0.0,2.142857,0.0
866,27.5,0.0,1.5714285,0.0
867,25.0,0.0,4.428571,0.0
868,25.0,0.0,3.857143,0.0
869,25.0,0.0,3.2857144,0.0
870,25.0,0.0,2.7142856,0.0
871,25.0,0.0,2.142857,0.0
872,25.0,0.0,1.5714285,0.0
873,22.5,0.0,4.428571,0.0
874,22.5,0.0,3.857143,0.0
875,22.5,0.0,3.2857144,0.0
876,22.5,0.0,2.7142856,0.0
877,22.5,0.0,2.142857,0.0
878,22.5,0.0,1.5714285,0.0
879,20.0,0.0,4.428571,0.0
880,20.0,0.0,3.857143,0.0
881,20.0,0.0,3.2857144,0.0
882,20.0,0.0,2.7142856,0.0
883,20.0,0.0,2.142857,0.0
884,20.0,0.0,1.5714285,0.0
885,17.5,0.0,4.428571,0.0
886,17.5,0.0,3.857143,0.0
887,17.5,0.0,3.2857144,0.0
888,17.5,0.0,2.7142856,0.0
889,17.5,0.0,2.142857,0.0
890,17.5,0.0,1.5714285,0.0
891,15.0,0.0,4.428571,0.0
892,15.0,0.0,3.857143,0.0
893,15.0,0.0,3.2857144,0.0
894,15.0,0.0,2.7142856,0.0
895,15.0,0.0,2.142857,0.0
896,15.0,0.0,1.5714285,0.0
897,12.5,0.0,4.428571,0.0
898,12.5,0.0,3.857143,0.0
899,12.5,0.0,3.2857144,0.0
900,12.5,0.0,2.7142856,0.0
901,12.5,0.0,2.142857,0.0
902,12.5,0.0,1.5714285,0.0
903,10.0,0.0,4.428571,0.0
904,10.0,0.0,3.857143,0.0
905,10.0,0.0,3.2857144,0.0
906,10.0,0.0,2.7142856,0.0
907,10.0,0.0,2.142857,0.0
908,10.0,0.0,1.5714285,0.0
909,7.5,0.0,4.428571,0.0
910,7.5,0.0,3.857143,0.0
911,7.5,0.0,3.2857144,0.0
912,7.5,0.0,2.7142856,0.0
913,7.5,0.0,2.142857,0.0
914,7.5,0.0,1.5714285,0.0
915,5.0,0.0,4.428571,0.0
916,5.0,0.0,3.857143,0.0
917,5.0,0.0,3.2857144,0.0
918,5.0,0.0,2.7142856,0.0
919,5.0,0.0,2.142857,0.0
920,5.0,0.0,1.5714285,0.0
921,2.5,0.0,4.428571,0.0
922,2.5,0.0,3.857143,0.0
923,2.5,0.0,3.2857144,0.0
924,2.5,0.0,2.7142856,0.0
925,2.5,0.0,2.142857,0.0
926,2.5,0.0,1.5714285,0.0
1079,50.0,0.12,11.0,0.0
1080,50.0,0.09,11.0,0.0
1081,50.0,0.06,11.0,0.0
1082,50.0,0.03,11.0,0.0
1083,50.0,0.12,9.5,0.0
1084,50.0,0.09,9.5,0.0
1085,50.0,0.06,9.5,0.0
1086,50.0,0.03,9.5,0.0
1087,50.0,0.12,8.0,0.0
1088,50.0,0.09,8.0,0.0
1089,50.0,0.06,8.0,0.0
1090,50.0,0.03,8.0,0.0
1091,50.0,0.12,6.5,0.0
1092,50.0,0.09,6.5,0.0
1093,50.0,0.06,6.5,0.0
1094,50.0,0.03,6.5,0.0
1095,0.0,0.12,11.0,0.0
1096,0.0,0.09,11.0,0.0
1097,0.0,0.06,11.0,0.0
1098,0.0,0.03,11.0,0.0
1099,0.0,0.12,9.5,0.0
1100,0.0,0.09,9.5,0.0
1101,0.0,0.06,9.5,0.0
1102,0.0,0.03,9.5,0.0
1103,0.0,0.12,8.0,0.0
1104,0.0,0.09,8.0,0.0
1105,0.0,0.06,8.0,0.0
1106,0.0,0.03,8.0,0.0
1107,0.0,0.12,6.5,0.0
1108,0.0,0.09,6.5,0.0
1109,0.0,0.06,6.5,0.0
1110,0.0,0.03,6.5,0.0
1111,47.5,0.15,11.0,0.0
1112,47.5,0.15,9.5,0.0
1113,47.5,0.15,8.0,0.0
1114,47.5,0.15,6.5,0.0
1115,45.0,0.15,11.0,0.0
1116,45.0,0.15,9.5,0.0
1117,45.0,0.15,8.0,0.0
1118,45.0,0.15,6.5,0.0
1119,42.5,0.15,11.0,0.0
1120,42.5,0.15,9.5,0.0
1121,42.5,0.15,8.0,0.0
1122,42.5,0.15,6.5,0.0
1123,40.0,0.15,11.0,0.0
1124,40.0,0.15,9.5,0.0
1125,40.0,0.15,8.0,0.0
1126,40.0,0.15,6.5,0.0
1127,37.5,0.15,11.0,0.0
1128,37.5,0.15,9.5,0.0
1129,37.5,0.15,8.0,0.0
1130,37.5,0.15,6.5,0.0
1131,35.0,0.15,11.0,0.0
1132,35.0,0.15,9.5,0.0
1133,35.0,0.15,8.0,0.0
1134,35.0,0.15,6.5,0.0
1135,32.5,0.15,11.0,0.0
1136,32.5,0.15,9.5,0.0
1137,32.5,0.15,8.0,0.0
1138,32.5,0.15,6.5,0.0
1139,30.0,0.15,11.0,0.0
1140,30.0,0.15,9.5,0.0
1141,30.0,0.15,8.0,0.0
1142,30.0,0.15,6.5,0.0
1143,27.5,0.15,11.0,0.0
1144,27.5,0.15,9.5,0.0
1145,27.5,0.15,8.0,0.0
1146,27.5,0.15,6.5,0.0
1147,25.0,0.15,11.0,0.0
1148,25.0,0.15,9.5,0.0
1149,25.0,0.15,8.0,0.0
1150,25.0,0.15,6.5,0.0
1151,22.5,0.15,11.0,0.0
1152,22.5,0.15,9.5,0.0
1153,22.5,0.15,8.0,0.0
1154,22.5,0.15,6.5,0.0
1155,20.0,0.15,11.0,0.0
1156,20.0,0.15,9.5,0.0
1157,20.0,0.15,8.0,0.0
1158,20.0,0.15,6.5,0.0
1159,17.5,0.15,11.0,0.0
1160,17.5,0.15,9.5,0.0
1161,17.5,0.15,8.0,0.0
1162,17.5,0.15,6.5,0.0
1163,15.0,0.15,11.0,0.0
1164,15.0,0.15,9.5,0.0
1165,15.0,0.15,8.0,0.0
1166,15.0,0.15,6.5,0.0
1167,12.5,0.15,11.0,0.0
1168,12.5,0.15,9.5,0.0
1169,12.5,0.15,8.0,0.0
1170,12.5,0.15,6.5,0.0
1171,10.0,0.15,11.0,0.0
1172,10.0,0.15,9.5,0.0
1173,10.0,0.15,8.0,0.0
1174,10.0,0.15,6.5,0.0
1175,7.5,0.15,11.0,0.0
1176,7.5,0.15,9.5,0.0
1177,7.5,0.15,8.0,0.0
1178,7.5,0.15,6.5,0.0
1179,5.0,0.15,11.0,0.0
1180,5.0,0.15,9.5,0.0
1181,5.0,0.15,8.0,0.0
1182,5.0,0.15,6.5,0.0
1183,2.5,0.15,11.0,0.0
1184,2.5,0.15,9.5,0.0
1185,2.5,0.15,8.0,0.0
1186,2.5,0.15,6.5,0.0
1187,47.5,0.0,11.0,0.0
1188,47.5,0.0,9.5,0.0
1189,47.5,0.0,8.0,0.0
1190,47.5,0.0,6.5,0.0
1191,45.0,0.0,11.0,0.0
1192,45.0,0.0,9.5,0.0
1193,45.0,0.0,8.0,0.0
1194,45.0,0.0,6.5,0.0
1195,42.5,0.0,11.0,0.0
1196,42.5,0.0,9.5,0.0
1197,42.5,0.0,8.0,0.0
1198,42.5,0.0,6.5,0.0
1199,40.0,0.0,11.0,0.0
1200,40.0,0.0,9.5,0.0
1201,40.0,0.0,8.0,0.0
1202,40.0,0.0,6.5,0.0
1203,37.5,0.0,11.0,0.0
1204,37.5,0.0,9.5,0.0
1205,37.5,0.0,8.0,0.0
1206,37.5,0.0,6.5,0.0
1207,35.0,0.0,11.0,0.0
1208,35.0,0.0,9.5,0.0
1209,35.0,0.0,8.0,0.0
1210,35.0,0.0,6.5,0.0
1211,32.5,0.0,11.0,0.0
1212,32.5,0.0,9.5,0.0
1213,32.5,0.0,8.0,0.0
1214,32.5,0.0,6.5,0.0
1215,30.0,0.0,11.0,0.0
1216,30.0,0.0,9.5,0.0
1217,30.0,0.0,8.0,0.0
1218,30.0,0.0,6.5,0.0
1219,27.5,0.0,11.0,0.0
1220,27.5,0.0,9.5,0.0
1221,27.5,0.0,8.0,0.0
1222,27.5,0.0,6.5,0.0
1223,25.0,0.0,11.0,0.0
1224,25.0,0.0,9.5,0.0
1225,25.0,0.0,8.0,0.0
1226,25.0,0.0,6.5,0.0
1227,22.5,0.0,11.0,0.0
1228,22.5,0.0,9.5,0.0
1229,22.5,0.0,8.0,0.0
1230,22.5,0.0,6.5,0.0
1231,20.0,0.0,11.0,0.0
1232,20.0,0.0,9.5,0.0
1233,20.0,0.0,8.0,0.0
1234,20.0,0.0,6.5,0.0
1235,17.5,0.0,11.0,0.0
1236,17.5,0.0,9.5,0.0
1237,17.5,0.0,8.0,0.0
1238,17.5,0.0,6.5,0.0
1239,15.0,0.0,11.0,0.0
1240,15.0,0.0,9.5,0.0
1241,15.0,0.0,8.0,0.0
1242,15.0,0.0,6.5,0.0
1243,12.5,0.0,11.0,0.0
1244,12.5,0.0,9.5,0.0
1245,12.5,0.0,8.0,0.0
1246,12.5,0.0,6.5,0.0
1247,10.0,0.0,11.0,0.0
1248,10.0,0.0,9.5,0.0
1249,10.0,0.0,8.0,0.0
1250,10.0,0.0,6.5,0.0
1251,7.5,0.0,11.0,0.0
1252,7.5,0.0,9.5,0.0
1253,7.5,0.0,8.0,0.0
1254,7.5,0.0,6.5,0.0
1255,5.0,0.0,11.0,0.0
1256,5.0,0.0,9.5,0.0
1257,5.0,0.0,8.0,0.0
1258,5.0,0.0,6.5,0.0
1259,2.5,0.0,11.0,0.0
1260,2.5,0.0,9.5,0.0
1261,2.5,0.0,8.0,0.0
1262,2.5,0.0,6.5,0.0
1263,0.0,0.03,0.6666667,0.0
1264,0.0,0.06,0.6666667,0.0
1265,0.0,0.09,0.6666667,0.0
1266,0.0,0.12,0.6666667,0.0
1267,0.0,0.03,0.33333334,0.0
1268,0.0,0.06,0.33333334,0.0
1269,0.0,0.09,0.33333334,0.0
1270,0.0,0.12,0.33333334,0.0
1271,50.0,0.03,0.6666667,0.0
1272,50.0,0.06,0.6666667,0.0
1273,50.0,0.09,0.6666667,0.0
1274,50.0,0.12,0.6666667,0.0
1275,50.0,0.03,0.33333334,0.0
1276,50.0,0.06,0.33333334,0.0
1277,50.0,0.09,0.33333334,0.0
1278,50.0,0.12,0.33333334,0.0
1279,2.5,0.0,0.6666667,0.0
1280,2.5,0.0,0.33333334,2.0067249459303742e-16
1281,5.0,0.0,0.6666667,0.0
1282,5.0,0.0,0.33333334,1.1400675958839201e-09
1283,7.5,0.0,0.6666667,0.0
1284,7.5,0.0,0.33333334,2.7206215058583894e-09
1285,10.0,0.0,0.6666667,0.0
1286,10.0,0.0,0.33333334,0.0
1287,12.5,0.0,0.6666667,0.0
1288,12.5,0.0,0.33333334,0.0
1289,15.0,0.0,0.6666667,0.0
1290,15.0,0.0,0.33333334,3.0787092875073085e-09
1291,17.5,0.0,0.6666667,0.0
1292,17.5,0.0,0.33333334,6.107012229250586e-09
1293,20.0,0.0,0.6666667,0.0
1294,20.0,0.0,0.33333334,4.245864548835243e-09
1295,22.5,0.0,0.6666667,0.0
1296,22.5,0.0,0.33333334,4.658662344780851e-09
1297,25.0,0.0,0.6666667,0.0
1298,25.0,0.0,0.33333334,0.0
1299,27.5,0.0,0.6666667,0.0
1300,27.5,0.0,0.33333334,0.0
1301,30.0,0.0,0.6666667,0.0
1302,30.0,0.0,0.33333334,2.1805635075367036e-09
1303,32.5,0.0,0.6666667,0.0
1304,32.5,0.0,0.33333334,1.145245454026167e-09
1305,35.0,0.0,0.6666667,0.0
1306,35.0,0.0,0.33333334,0.0
1307,37.5,0.0,0.6666667,0.0
1308,37.5,0.0,0.33333334,0.0
1309,40.0,0.0,0.6666667,0.0
1310,40.0,0.0,0.33333334,0.0
1311,42.5,0.0,0.6666667,0.0
1312,42.5,0.0,0.33333334,0.0
1313,45.0,0.0,0.6666667,0.0
1314,45.0,0.0,0.33333334,0.0
1315,47.5,0.0,0.6666667,0.0
1316,47.5,0.0,0.33333334,0.0
1317,2.5,0.15,0.6666667,0.0
1318,2.5,0.15,0.33333334,1.1202660327169767e-11
1319,5.0,0.15,0.6666667,0.0
1320,5.0,0.15,0.33333334,2.0939161862743028e-11
1321,7.5,0.15,0.6666667,0.0
1322,7.5,0.15,0.33333334,0.0
1323,10.0,0.15,0.6666667,0.0
1324,10.0,0.15,0.33333334,0.0
1325,12.5,0.15,0.6666667,0.0
1326,12.5,0.15,0.33333334,0.0
1327,15.0,0.15,0.6666667,0.0
1328,15.0,0.15,0.33333334,0.0
1329,17.5,0.15,0.6666667,0.0
1330,17.5,0.15,0.33333334,5.802946567712297e-09
1331,20.0,0.15,0.6666667,0.0
1332,20.0,0.15,0.33333334,3.578309426544024e-09
1333,22.5,0.15,0.6666667,0.0
1334,22.5,0.15,0.33333334,1.5246676143831905e-09
1335,25.0,0.15,0.6666667,0.0
1336,25.0,0.15,0.33333334,8.6866611126446e-11
1337,27.5,0.15,0.6666667,0.0
1338,27.5,0.15,0.33333334,3.87611764907092e-09
1339,30.0,0.15,0.6666667,0.0
1340,30.0,0.15,0.33333334,3.325374864360242e-09
1341,32.5,0.15,0.6666667,0.0
1342,32.5,0.15,0.33333334,0.0
1343,35.0,0.15,0.6666667,0.0
1344,35.0,0.15,0.33333334,0.0
1345,37.5,0.15,0.6666667,0.0
1346,37.5,0.15,0.33333334,0.0
1347,40.0,0.15,0.6666667,0.0
1348,40.0,0.15,0.33333334,0.0
1349,42.5,0.15,0.6666667,0.0
1350,42.5,0.15,0.33333334,0.0
1351,45.0,0.15,0.6666667,0.0
1352,45.0,0.15,0.33333334,0.0
1353,47.5,0.15,0.6666667,0.0
1354,47.5,0.15,0.33333334,0.0
1355,2.5,0.03,0.0,0.0
1356,2.5,0.06,0.0,0.0
1357,2.5,0.09,0.0,0.0
1358,2.5,0.12,0.0,0.0
1359,5.0,0.03,0.0,0.0
1360,5.0,0.06,0.0,0.0
1361,5.0,0.09,0.0,0.0
1362,5.0,0.12,0.0,0.0
1363,7.5,0.03,0.0,0.0
1364,7.5,0.06,0.0,0.0
1365,7.5,0.09,0.0,0.0
1366,7.5,0.12,0.0,0.0
1367,10.0,0.03,0.0,0.0
1368,10.0,0.06,0.0,0.0
1369,10.0,0.09,0.0,0.0
1370,10.0,0.12,0.0,0.0
1371,12.5,0.03,0.0,0.0
1372,12.5,0.06,0.0,0.0
1373,12.5,0.09,0.0,0.0
1374,12.5,0.12,0.0,0.0
1375,15.0,0.03,0.0,0.0
1376,15.0,0.06,0.0,0.0
1377,15.0,0.09,0.0,0.0
1378,15.0,0.12,0.0,0.0
1379,17.5,0.03,0.0,0.0
1380,17.5,0.06,0.0,0.0
1381,17.5,0.09,0.0,0.0
1382,17.5,0.12,0.0,0.0
1383,20.0,0.03,0.0,0.0
1384,20.0,0.06,0.0,0.0
1385,20.0,0.09,0.0,0.0
1386,20.0,0.12,0.0,0.0
1387,22.5,0.03,0.0,0.0
1388,22.5,0.06,0.0,0.0
1389,22.5,0.09,0.0,0.0
1390,22.5,0.12,0.0,0.0
1391,25.0,0.03,0.0,0.0
1392,25.0,0.06,0.0,0.0
1393,25.0,0.09,0.0,0.0
1394,25.0,0.12,0.0,0.0
1395,27.5,0.03,0.0,8.376460414183384e-08
1396,27.5,0.06,0.0,0.0
1397,27.5,0.09,0.0,0.0
1398,27.5,0.12,0.0,1.6754087539538887e-07
1399,30.0,0.03,0.0,0.0
1400,30.0,0.06,0.0,0.0
1401,30.0,0.09,0.0,0.0
1402,30.0,0.12,0.0,0.0
1403,32.5,0.03,0.0,0.0
1404,32.5,0.06,0.0,0.0
1405,32.5,0.09,0.0,0.0
1406,32.5,0.12,0.0,4.102577122466755e-07
1407,35.0,0.03,0.0,0.0
1408,35.0,0.06,0.0,0.0
1409,35.0,0.09,0.0,0.0
1410,35.0,0.12,0.0,0.0
1411,37.5,0.03,0.0,0.0
1412,37.5,0.06,0.0,0.0
1413,37.5,0.09,0.0,0.0
1414,37.5,0.12,0.0,0.0
1415,40.0,0.03,0.0,0.0
1416,40.0,0.06,0.0,0.0
1417,40.0,0.09,0.0,0.0
1418,40.0,0.12,0.0,0.0
1419,42.5,0.03,0.0,0.0
1420,42.5,0.06,0.0,0.0
1421,42.5,0.09,0.0,0.0
1422,42.5,0.12,0.0,0.0
1423,45.0,0.03,0.0,0.0
1424,45.0,0.06,0.0,0.0
1425,45.0,0.09,0.0,0.0
1426,45.0,0.12,0.0,0.0
1427,47.5,0.03,0.0,0.0
1428,47.5,0.06,0.0,0.0
1429,47.5,0.09,0.0,0.0
1430,47.5,0.12,0.0,0.0
